Model,Brand,Screen Size (in),Front Camera (MP),Back Camera (MP),Battery (mAh),RAM (GB),ROM (GB),Clock Speed (GHz),Price (Rs.)
Realme 14 Pro Plus 5G,Realme,6.83,32.0,50.0,6000,8,128,2.5,29999
OnePlus 13R 5G,OnePlus,6.78,16.0,50.0,6000,12,256,3.3,42972
Realme 14 Pro 5G,Realme,6.77,16.0,50.0,6000,8,128,2.5,24999
Poco X7 Pro,Poco,6.67,20.0,50.0,6550,8,256,3.25,27999
Motorola Edge 50 Fusion,Motorola,6.67,32.0,50.0,5000,8,128,2.4,20999
OPPO Reno 13 Pro 5G,OPPO,6.83,50.0,50.0,5800,12,256,3.35,49999
Xiaomi Redmi Note 14,Xiaomi,6.67,20.0,50.0,5110,6,128,2.5,17440
Samsung Galaxy M35 5G,Samsung,6.6,13.0,50.0,6000,6,128,2.4,15027
Motorola Moto G85 5G,Motorola,6.67,32.0,50.0,5000,8,128,2.3,16999
OnePlus Nord 4 5G,OnePlus,6.74,16.0,50.0,5500,8,128,2.8,26999
OPPO Reno 13 5G,OPPO,6.59,50.0,50.0,5600,8,128,3.35,37999
Motorola Moto Edge 50 Neo,Motorola,6.4,32.0,50.0,4310,8,256,2.5,20999
Realme P1 5G,Realme,6.67,16.0,50.0,5000,6,128,2.6,13940
OnePlus Nord CE 4 5G,OnePlus,6.7,16.0,50.0,5500,8,128,2.63,21990
iQOO 13 5G,iQOO,6.82,32.0,50.0,6000,12,256,4.32,59999
Vivo V40 5G,Vivo,6.78,50.0,50.0,5500,8,128,2.63,34999
Realme 14 Pro Plus (12GB RAM + 256GB),Realme,6.83,32.0,50.0,6000,12,256,2.5,34999
Motorola Moto G64 5G,Motorola,6.5,16.0,50.0,6000,8,128,2.5,13999
Motorola Moto G35 5G,Motorola,6.72,16.0,50.0,5000,4,128,2.2,9999
Xiaomi Redmi Note 14 Pro Plus,Xiaomi,6.67,20.0,50.0,6200,8,128,2.5,30999
iQOO Z9s 5G,iQOO,6.77,16.0,50.0,5500,8,128,2.5,19998
Xiaomi Redmi Note 13 Pro 5G,Xiaomi,6.67,16.0,200.0,5100,8,128,2.4,17827
Vivo T3 Pro 5G,Vivo,6.77,16.0,50.0,5500,8,128,2.63,22999
Samsung Galaxy S24 Ultra,Samsung,6.8,12.0,200.0,5000,12,256,3.3,99999
Motorola Edge 50 Pro 5G,Motorola,6.7,50.0,50.0,4500,8,256,2.63,27999
Vivo T3x 5G,Vivo,6.72,8.0,50.0,6000,4,128,2.2,11764
OnePlus 13,OnePlus,6.82,32.0,50.0,6000,12,256,4.32,66999
Motorola Edge 50 Fusion (12GB RAM + 256GB),Motorola,6.67,32.0,50.0,5000,12,256,2.4,22999
Poco X6 Neo,Poco,6.67,16.0,108.0,5000,8,128,2.4,11999
Samsung Galaxy S23 5G,Samsung,6.1,12.0,50.0,3900,8,128,3.36,39999
Samsung Galaxy S23 Ultra 5G,Samsung,6.8,12.0,200.0,5000,12,256,3.36,71999
Poco X7 5G,Poco,6.67,20.0,50.0,5500,8,128,2.5,21999
Motorola Moto G45 5G,Motorola,6.5,16.0,50.0,5000,4,128,2.3,9999
Apple iPhone 16,Apple,6.1,12.0,48.0,3561,8,128,4.04,74900
Nothing Phone 2a,Nothing,6.7,32.0,50.0,5000,8,128,2.8,20799
OnePlus Nord CE 4 Lite 5G,OnePlus,6.67,16.0,50.0,5500,8,128,2.2,17522
Vivo T3 Ultra,Vivo,6.78,50.0,50.0,5500,8,128,3.35,29999
Samsung Galaxy S23 FE 5G,Samsung,6.4,10.0,50.0,4500,8,128,2.8,29999
OnePlus Nord CE 3 Lite 5G,OnePlus,6.72,16.0,108.0,5000,8,128,2.2,15799
Samsung Galaxy A35 5G,Samsung,6.6,13.0,50.0,5000,8,128,2.4,23999
Vivo T3 5G,Vivo,6.67,16.0,50.0,5000,8,128,2.8,17329
Xiaomi Redmi Note 13 5G,Xiaomi,6.67,16.0,108.0,5000,6,128,2.4,14595
Realme 13 Pro Plus 5G,Realme,6.7,32.0,50.0,5200,8,256,2.4,28990
iQOO Z9s Pro 5G,iQOO,6.77,16.0,50.0,5500,8,128,2.63,22999
Xiaomi Redmi Note 14 Pro 5G,Xiaomi,6.67,20.0,50.0,5500,8,128,2.5,24540
Vivo X200 Pro 5G,Vivo,6.78,32.0,200.0,6000,16,512,3.63,94999
Realme 14 Pro Plus (8GB RAM + 256GB),Realme,6.83,32.0,50.0,6000,8,256,2.5,31999
Poco X7 Pro (12GB RAM + 256GB),Poco,6.67,20.0,50.0,6550,12,256,3.25,29999
Motorola Moto G45 5G (8GB RAM + 128GB),Motorola,6.5,16.0,50.0,5000,8,128,2.3,11892
Samsung Galaxy S24 5G,Samsung,6.2,12.0,50.0,4000,8,256,3.2,55249
Apple iPhone 15,Apple,6.1,12.0,48.0,3349,6,128,3.46,58999
Samsung Galaxy F55 5G,Samsung,6.7,50.0,50.0,5000,8,128,2.4,20299
Samsung Galaxy A16 5G,Samsung,6.7,13.0,50.0,5000,8,128,2.4,15810
Vivo V40e 5G,Vivo,6.77,50.0,50.0,5500,8,128,2.5,26999
Xiaomi Redmi 14C 5G,Xiaomi,6.88,8.0,50.0,5160,4,64,2.2,9999
Motorola Moto G85 5G (12GB RAM + 256GB),Motorola,6.67,32.0,50.0,5000,12,256,2.3,18999
Honor 200,Honor,6.7,50.0,50.0,5200,8,256,2.63,23998
Xiaomi Redmi Note 13 Pro Plus 5G,Xiaomi,6.67,16.0,200.0,5000,8,256,2.8,22520
Poco M7 Pro 5G,Poco,6.67,20.0,50.0,5110,6,128,2.5,14940
Realme GT 6T,Realme,6.78,32.0,50.0,5500,8,128,2.8,26870
Realme P2 Pro 5G,Realme,6.7,32.0,50.0,5200,8,128,2.4,19999
Samsung Galaxy S24 FE,Samsung,6.7,10.0,50.0,4700,8,128,3.11,44999
Realme Narzo 70 Turbo 5G,Realme,6.67,16.0,50.0,5000,6,128,2.5,15226
Realme 14x 5G,Realme,6.67,8.0,50.0,6000,6,128,2.4,14832
Apple iPhone 16 Pro Max,Apple,6.9,12.0,48.0,4685,8,256,4.05,137900
Realme P1 5G (8GB RAM+ 128GB),Realme,6.67,16.0,50.0,5000,8,128,2.6,14039
Motorola Edge 50 5G,Motorola,6.67,32.0,50.0,5000,8,256,2.5,25135
Vivo Y29 5G,Vivo,6.68,8.0,50.0,5500,4,128,2.4,13999
Realme Narzo 70x 5G (6GB RAM + 128GB),Realme,6.72,8.0,50.0,5000,6,128,2.2,11509
Motorola Moto G64 5G (12GB RAM + 256GB),Motorola,6.5,16.0,50.0,6000,12,256,2.5,15999
Samsung Galaxy A55 5G,Samsung,6.6,32.0,50.0,5000,8,128,2.7,31999
CMF Phone (1),CMF,6.67,16.0,50.0,5000,6,128,2.5,14748
Motorola Edge 50 Pro (12GB RAM + 256GB),Motorola,6.7,50.0,50.0,4500,12,256,2.63,29999
Vivo V40 Pro,Vivo,6.78,50.0,50.0,5500,8,256,3.35,45999
Infinix Note 40X 5G (12GB RAM +256GB),Infinix,6.78,8.0,108.0,5000,12,256,2.4,13998
Vivo Y300 5G,Vivo,6.67,32.0,50.0,5000,8,128,2.2,21990
iQOO Z9x,iQOO,6.72,8.0,50.0,6000,4,128,2.2,11950
Vivo V30 5G,Vivo,6.78,50.0,50.0,5000,8,128,2.63,25744
Realme 14 Pro 5G (8GB RAM + 256GB),Realme,6.77,16.0,50.0,6000,8,256,2.5,26999
OPPO Reno 12 Pro 5G,OPPO,6.7,50.0,50.0,5000,12,256,2.5,33949
Vivo T3x 5G (6GB RAM + 128GB),Vivo,6.72,8.0,50.0,6000,6,128,2.2,13500
OPPO F25 Pro 5G,OPPO,6.7,32.0,64.0,5000,8,128,2.6,19999
Samsung Galaxy S24 Plus,Samsung,6.7,12.0,50.0,4900,12,256,3.2,59999
OnePlus 13R (16GB RAM + 512GB),OnePlus,6.78,16.0,50.0,6000,16,512,3.3,48999
Vivo X200 5G,Vivo,6.67,32.0,50.0,5800,12,256,3.63,65999
Honor 200 Pro,Honor,6.78,50.0,50.0,5200,12,512,3.0,35998
iQOO Neo 9 Pro 5G,iQOO,6.78,16.0,50.0,5160,8,256,3.2,31999
Xiaomi Redmi A4 5G,Xiaomi,6.88,5.0,50.0,5160,4,64,2.0,8499
Apple iPhone 13,Apple,6.1,12.0,12.0,3240,4,128,3.22,43499
Realme Narzo 70x 5G (8GB RAM + 128GB),Realme,6.72,8.0,50.0,5000,8,128,2.2,11498
Poco C75 5G,Poco,6.88,5.0,50.0,5160,4,64,2.0,7999
OnePlus Nord 4 5G (8GB RAM + 256GB),OnePlus,6.74,16.0,50.0,5500,8,256,2.8,28378
Samsung Galaxy F15 5G (6GB RAM + 128GB),Samsung,6.45,13.0,50.0,6000,6,128,2.2,12190
Xiaomi Redmi Note 14 (8GB RAM + 256GB),Xiaomi,6.67,20.0,50.0,5110,8,256,2.5,21999
Nothing Phone 2a Plus,Nothing,6.7,50.0,50.0,5000,8,256,3.0,23608
Xiaomi Redmi 13 5G,Xiaomi,6.79,13.0,108.0,5030,6,128,2.3,12194
Realme 13 Pro 5G,Realme,6.7,32.0,50.0,5200,8,128,2.4,20828
Poco X6 Pro 5G,Poco,6.67,16.0,64.0,5000,8,256,3.35,22940
OPPO Reno 13 5G (8GB+256GB),OPPO,6.59,50.0,50.0,5600,8,256,3.35,39999
Google Pixel 8A,Google,6.1,13.0,64.0,4492,8,128,3.0,37999
Realme P1 Pro 5G,Realme,6.7,16.0,50.0,5000,8,128,2.2,15999
Motorola Edge 50 Ultra 5G,Motorola,6.7,50.0,64.0,4500,12,512,3.0,48800
Apple iPhone 15 Plus,Apple,6.7,12.0,48.0,4383,6,128,3.46,66999
Samsung Galaxy M15 5G Prime Edition (6GB RAM +128GB),Samsung,6.5,13.0,50.0,6000,6,128,2.2,12320
OnePlus 13 (24GB RAM+ 1TB),OnePlus,6.82,32.0,50.0,6000,24,1024,4.32,89998
Xiaomi Redmi 13C 5G,Xiaomi,6.74,5.0,50.0,5000,4,128,2.2,8999
Vivo V40e 5G (8GB RAM + 256GB),Vivo,6.77,50.0,50.0,5500,8,256,2.5,28999
iQOO 13 (16GB RAM + 512GB),iQOO,6.82,32.0,50.0,6000,16,512,4.32,59998
OPPO K12x,OPPO,6.67,8.0,32.0,5100,6,128,2.4,12999
OnePlus Nord CE 4 5G (8GB RAM + 256GB),OnePlus,6.7,16.0,50.0,5500,8,256,2.63,23999
Samsung Galaxy M35 5G (8GB RAM + 128GB),Samsung,6.6,13.0,50.0,6000,8,128,2.4,17999
Xiaomi Redmi Note 14 Pro Plus (12GB RAM + 512GB),Xiaomi,6.67,20.0,50.0,6200,12,512,2.5,35999
Realme P1 Speed 5G,Realme,6.67,16.0,50.0,5000,8,128,2.5,15800
Poco M6 Plus 5G,Poco,6.79,13.0,108.0,5030,6,128,2.3,11499
Apple iPhone 16 Pro,Apple,6.3,12.0,48.0,3582,8,128,4.05,112900
Poco F6 5G,Poco,6.67,20.0,50.0,5000,8,256,3.0,24999
OPPO F27 Pro Plus 5G,OPPO,6.7,8.0,64.0,5000,8,256,2.6,27999
Xiaomi Redmi Note 14 (8GB RAM + 128GB),Xiaomi,6.67,20.0,50.0,5110,8,128,2.5,19999
Poco F5 (12GB RAM + 256GB),Poco,6.67,16.0,64.0,5000,12,256,2.91,18899
Samsung Galaxy S23 (8GB RAM + 256GB),Samsung,6.1,12.0,50.0,3900,8,256,3.36,41999
Poco M6 5G (4GB RAM + 64GB),Poco,6.74,5.0,50.0,5000,4,64,2.2,7999
OnePlus 12R,OnePlus,6.78,16.0,50.0,5500,8,128,3.2,39499
OnePlus Nord CE 3 5G,OnePlus,6.7,16.0,50.0,5000,8,128,2.7,19495
Realme GT 6,Realme,6.78,32.0,50.0,5500,8,256,3.0,34999
Vivo T3 Pro (8GB RAM + 256GB),Vivo,6.77,16.0,50.0,5500,8,256,2.63,24999
Xiaomi Redmi Note 13 5G (8GB RAM + 256GB),Xiaomi,6.67,16.0,108.0,5000,8,256,2.4,15251
Tecno Phantom X2 Pro,Tecno,6.8,32.0,50.0,5160,12,256,3.05,23999
Infinix GT 20 Pro,Infinix,6.78,32.0,108.0,5000,8,256,3.1,22997
Samsung Galaxy M55s,Samsung,6.7,50.0,50.0,5000,8,128,2.4,20999
Xiaomi Redmi Note 13 Pro 5G (8GB RAM + 256GB),Xiaomi,6.67,16.0,200.0,5100,8,256,2.4,20000
iQOO Z9 5G,iQOO,6.67,16.0,50.0,5000,8,128,2.8,18499
OnePlus 12 5G,OnePlus,6.82,32.0,64.0,5400,12,256,3.3,55500
iQOO 12 5G,iQOO,6.78,16.0,64.0,5000,12,256,3.3,45999
Samsung Galaxy A14 5G,Samsung,6.6,13.0,50.0,5000,4,64,2.4,9499
OPPO Reno 12 5G,OPPO,6.7,32.0,50.0,5000,8,256,2.5,27668
Google Pixel 7A,Google,6.1,13.0,64.0,4385,8,128,2.85,27999
OPPO Reno 13 Pro 5G (12GB RAM + 512GB),OPPO,6.83,50.0,50.0,5800,12,512,3.35,54999
Xiaomi Redmi 14C 5G (6GB RAM + 128GB),Xiaomi,6.88,8.0,50.0,5160,6,128,2.2,11995
Vivo V40 5G (8GB RAM + 256GB),Vivo,6.78,50.0,50.0,5500,8,256,2.63,36999
Realme GT 7 Pro 5G,Realme,6.78,16.0,50.0,5800,12,256,4.32,54999
Infinix Note 40 Pro 5G,Infinix,6.78,32.0,108.0,5000,8,256,2.2,18980
Poco X6 5G (12GB RAM + 512GB),Poco,6.67,16.0,64.0,5100,12,512,2.4,19999
iQOO Z9s Pro (8GB RAM + 256GB),iQOO,6.77,16.0,50.0,5500,8,256,2.63,24999
Vivo T3 Lite 5G,Vivo,6.56,8.0,50.0,5000,4,128,2.4,10489
OPPO Find X8 5G,OPPO,6.59,32.0,50.0,5630,12,256,3.63,60488
Realme Narzo 70 Turbo 5G (8GB RAM +128GB),Realme,6.67,16.0,50.0,5000,8,128,2.5,16129
OnePlus 13 (16GB RAM+ 512GB),OnePlus,6.82,32.0,50.0,6000,16,512,4.32,76998
Samsung Galaxy M35 5G (8GB RAM + 256GB),Samsung,6.6,13.0,50.0,6000,8,256,2.4,21499
Realme 13 Plus 5G,Realme,6.67,16.0,50.0,5000,8,128,2.5,19998
iQOO Z9x (8GB RAM + 128GB),iQOO,6.72,8.0,50.0,6000,8,128,2.2,14998
Poco X7 5G (8GB RAM + 256GB),Poco,6.67,20.0,50.0,5500,8,256,2.5,23999
OnePlus 11 5G,OnePlus,6.7,16.0,50.0,5000,8,128,3.2,34980
Apple iPhone 13 (256GB),Apple,6.1,12.0,12.0,3240,4,256,3.22,43994
Apple iPhone 14,Apple,6.1,12.0,12.0,3279,6,128,3.22,51490
OnePlus Nord 3 5G,OnePlus,6.74,16.0,50.0,5000,8,128,3.05,21140
Infinix Zero 40 5G,Infinix,6.78,50.0,108.0,5000,12,256,3.1,25999
OnePlus 11R 5G,OnePlus,6.74,16.0,50.0,5000,8,128,3.2,31599
Infinix Note 40X 5G,Infinix,6.78,8.0,108.0,5000,8,256,2.4,12566
Samsung Galaxy F55 5G (12GB RAM + 256GB),Samsung,6.7,50.0,50.0,5000,12,256,2.4,26999
OPPO F27 5G,OPPO,6.67,32.0,50.0,5000,8,128,2.4,20999
Vivo T3 Ultra (12GB RAM + 256GB),Vivo,6.78,50.0,50.0,5500,12,256,3.35,33999
OnePlus Nord 4 5G (12GB RAM + 256GB),OnePlus,6.74,16.0,50.0,5500,12,256,2.8,31494
Realme 12 Pro 5G,Realme,6.7,16.0,50.0,5000,8,128,2.2,19999
Nothing Phone 2,Nothing,6.7,32.0,50.0,4700,8,128,3.2,34999
Realme GT 6 5G (16GB RAM + 512GB),Realme,6.78,32.0,50.0,5500,16,512,3.0,38999
OPPO A3x 5G,OPPO,6.67,5.0,8.0,5100,4,128,2.4,12499
Nokia G42 5G (4GB RAM + 128GB),Nokia,6.56,8.0,50.0,5000,4,128,2.2,9699
Vivo V30 Pro 5G,Vivo,6.78,50.0,50.0,5000,8,256,3.1,34999
iQOO Z9s (8GB RAM + 256GB),iQOO,6.77,16.0,50.0,5500,8,256,2.5,21998
Realme 13 Pro Plus 5G (12GB RAM + 512GB),Realme,6.7,32.0,50.0,5200,12,512,2.4,30899
CMF Phone 1 (8GB RAM + 128GB),CMF,6.67,16.0,50.0,5000,8,128,2.5,15249
Vivo Y29 5G (8GB RAM+128GB),Vivo,6.68,8.0,50.0,5500,8,128,2.4,16999
Vivo Y300 Plus,Vivo,6.78,32.0,50.0,5000,8,128,2.2,21899
Xiaomi Redmi 13 5G (8GB RAM + 128GB),Xiaomi,6.79,13.0,108.0,5030,8,128,2.3,13388
OPPO Find X8 Pro 5G,OPPO,6.78,32.0,50.0,5910,16,512,3.63,99999
Samsung Galaxy A16 5G (6GB RAM + 128GB),Samsung,6.7,13.0,50.0,5000,6,128,2.4,15499
Samsung Galaxy S23 FE 5G (8GB RAM + 256GB),Samsung,6.4,10.0,50.0,4500,8,256,2.8,43980
Google Pixel 9,Google,6.3,10.5,50.0,4700,12,256,3.1,74999
iQOO Z7 Pro 5G,iQOO,6.78,16.0,64.0,4600,8,128,2.8,18999
Xiaomi Redmi A4 5G (4GB RAM + 128GB),Xiaomi,6.88,5.0,50.0,5160,4,128,2.0,9298
Poco M7 Pro 5G (8GB RAM + 256GB),Poco,6.67,20.0,50.0,5110,8,256,2.5,16999
Tecno Pop 9 5G,Tecno,6.67,8.0,48.0,5000,4,64,2.4,9499
Vivo T3x 5G (8GB RAM + 128GB),Vivo,6.72,8.0,50.0,6000,8,128,2.2,15499
Xiaomi Redmi Note 13 Pro Plus (12GB RAM + 256GB),Xiaomi,6.67,16.0,200.0,5000,12,256,2.8,23849
Samsung Galaxy F15 5G,Samsung,6.45,13.0,50.0,6000,4,128,2.2,11179
Realme P2 Pro (12GB RAM + 256GB),Realme,6.7,32.0,50.0,5200,12,256,2.4,21999
iQOO Z9x (6GB RAM + 128GB),iQOO,6.72,8.0,50.0,6000,6,128,2.2,13499
Vivo V29,Vivo,6.78,50.0,50.0,4600,8,128,2.4,26799
Samsung Galaxy A55 5G (12GB RAM + 256GB),Samsung,6.6,32.0,50.0,5000,12,256,2.7,37499
Samsung Galaxy A35 5G (8GB RAM + 256GB),Samsung,6.6,13.0,50.0,5000,8,256,2.4,26999
Vivo Y29 5G (6GB+128GB),Vivo,6.68,8.0,50.0,5500,6,128,2.4,15499
Samsung Galaxy M15 5G Prime Edition (8GB RAM +128GB),Samsung,6.5,13.0,50.0,6000,8,128,2.2,14499
OPPO A3 Pro 5G,OPPO,6.67,8.0,50.0,5100,8,128,2.4,17300
Nothing Phone 2a (12GB RAM + 256GB),Nothing,6.7,32.0,50.0,5000,12,256,2.8,24999
Tecno Camon 30 Premier 5G,Tecno,6.77,50.0,50.0,5000,12,512,3.1,29999
Realme 12X 5G (8GB RAM +128GB),Realme,6.72,8.0,50.0,5000,8,128,2.2,13460
Vivo Y300 5G (8 GB RAM+256 GB),Vivo,6.67,32.0,50.0,5000,8,256,2.2,22999
Samsung Galaxy M15 5G Prime Edition,Samsung,6.5,13.0,50.0,6000,4,128,2.2,11999
Infinix Zero 40 5G (12GB RAM + 512GB),Infinix,6.78,50.0,108.0,5000,12,512,3.1,28999
Vivo T3 Ultra (8GB RAM + 256GB),Vivo,6.78,50.0,50.0,5500,8,256,3.35,31999
Poco M6 Plus 5G (8GB RAM + 128GB),Poco,6.79,13.0,108.0,5030,8,128,2.3,12499
Honor 200 (12GB RAM + 512GB),Honor,6.7,50.0,50.0,5200,12,512,2.63,29998
Apple iPhone 16 (256GB),Apple,6.1,12.0,48.0,3561,8,256,4.04,84900
Infinix Hot 50 5G,Infinix,6.7,8.0,48.0,5000,4,128,2.4,9999
OnePlus Nord CE 4 Lite 5G (8GB RAM + 256GB),OnePlus,6.67,16.0,50.0,5500,8,256,2.2,20998
Realme 12 Pro Plus 5G (12GB RAM + 256GB),Realme,6.7,32.0,64.0,5000,12,256,2.4,26999
Samsung Galaxy S24 Ultra (12GB RAM + 512GB),Samsung,6.8,12.0,200.0,5000,12,512,3.3,115999
Motorola Moto G34 5G (8GB RAM + 128GB),Motorola,6.5,16.0,50.0,5000,8,128,2.2,11999
Apple iPhone 15 Pro Max,Apple,6.7,12.0,48.0,4441,8,256,3.78,128900
Realme 14x (8GB RAM + 128GB),Realme,6.67,8.0,50.0,6000,8,128,2.4,15990
Vivo V40 5G (12GB RAM + 512GB),Vivo,6.78,50.0,50.0,5500,12,512,2.63,41999
OPPO Reno 12 Pro 5G (12GB RAM + 512GB),OPPO,6.7,50.0,50.0,5000,12,512,2.5,35995
Google Pixel 8 5G,Google,6.2,10.5,50.0,4575,8,128,3.0,47999
Samsung Galaxy S24 FE (256GB),Samsung,6.7,10.0,50.0,4700,8,256,3.11,50999
Xiaomi Redmi Note 14 Pro Plus (8GB RAM + 256GB),Xiaomi,6.67,20.0,50.0,6200,8,256,2.5,32999
OPPO K12x 5G (8GB RAM + 256GB),OPPO,6.67,8.0,32.0,5100,8,256,2.4,15999
Vivo T3 Lite 5G (6GB RAM + 128GB),Vivo,6.56,8.0,50.0,5000,6,128,2.4,11499
iQOO Z9 Lite 5G,iQOO,6.56,8.0,50.0,5000,4,128,2.4,10499
Honor 200 Lite,Honor,6.7,50.0,108.0,4500,8,256,2.4,18998
Realme 12 Plus 5G,Realme,6.67,16.0,50.0,5000,8,128,2.6,16999
Realme GT 6T (8GB RAM + 256GB),Realme,6.78,32.0,50.0,5500,8,256,2.8,28988
OPPO Reno 11,OPPO,6.7,32.0,50.0,5000,8,128,2.6,27880
Xiaomi Redmi Note 14 Pro (8GB RAM + 256GB),Xiaomi,6.67,20.0,50.0,5500,8,256,2.5,26390
Samsung Galaxy F55 5G (8GB RAM + 256GB),Samsung,6.7,50.0,50.0,5000,8,256,2.4,22699
Realme GT 2 Pro 5G (12GB RAM + 256GB),Realme,6.7,32.0,50.0,5000,12,256,3.0,27499
Realme C63 5G (6GB RAM + 128GB),Realme,6.67,8.0,32.0,5000,6,128,2.4,10885
Realme Narzo 70 Pro 5G,Realme,6.67,16.0,50.0,5000,8,128,2.6,20899
Samsung Galaxy M15 5G,Samsung,6.45,13.0,50.0,6000,4,128,2.2,11917
Infinix GT 20 Pro 5G (12GB RAM +256GB),Infinix,6.78,32.0,108.0,5000,12,256,3.1,24999
Nothing Phone 2a (8GB RAM + 256GB),Nothing,6.7,32.0,50.0,5000,8,256,2.8,22900
Samsung Galaxy S24 (8GB RAM + 128GB),Samsung,6.2,12.0,50.0,4000,8,128,3.2,50580
Poco X6 Pro 5G (12GB RAM + 512GB),Poco,6.67,16.0,64.0,5000,12,512,3.35,28999
Lava Blaze Curve 5G,Lava,6.67,32.0,64.0,5000,8,128,2.6,15999
Xiaomi Redmi Note 13 Pro Plus (12GB RAM + 512GB),Xiaomi,6.67,16.0,200.0,5000,12,512,2.8,28999
Xiaomi Redmi Note 13 5G (12GB RAM + 256GB),Xiaomi,6.67,16.0,108.0,5000,12,256,2.4,17416
Xiaomi Redmi Note 13 Pro 5G (12GB RAM + 256GB),Xiaomi,6.67,16.0,200.0,5100,12,256,2.4,21400
Google Pixel 7 5G,Google,6.3,10.8,50.0,4355,8,128,2.85,29999
Samsung Galaxy A16 5G (8GB RAM + 256GB),Samsung,6.7,13.0,50.0,5000,8,256,2.4,19750
Apple iPhone 16 Pro Max (1TB),Apple,6.9,12.0,48.0,4685,8,1024,4.05,177900
Infinix Hot 50 5G (8 GB RAM + 128 GB),Infinix,6.7,8.0,48.0,5000,8,128,2.4,10498
Vivo T3 5G (8GB RAM + 256GB),Vivo,6.67,16.0,50.0,5000,8,256,2.8,20499
iQOO Neo 9 Pro 5G (12GB RAM + 256GB),iQOO,6.78,16.0,50.0,5160,12,256,3.2,33999
iQOO Z9s Pro (12GB RAM + 256GB),iQOO,6.77,16.0,50.0,5500,12,256,2.63,26998
Vivo V40 Pro 5G (12GB RAM + 512GB),Vivo,6.78,50.0,50.0,5500,12,512,3.35,52660
OnePlus 12R (16GB RAM + 256GB),OnePlus,6.78,16.0,50.0,5500,16,256,3.2,38363
Apple iPhone 15 (256GB),Apple,6.1,12.0,48.0,3349,6,256,3.46,68999
Samsung Galaxy A14 5G (6GB RAM + 128GB),Samsung,6.6,13.0,50.0,5000,6,128,2.4,11499
Nothing Phone 1,Nothing,6.55,16.0,50.0,4500,8,128,2.5,22360
Google Pixel 7 Pro 5G,Google,6.7,10.8,50.0,5000,12,128,2.85,44999
Realme Narzo 70 Turbo 5G (12GB RAM + 256GB),Realme,6.67,16.0,50.0,5000,12,256,2.5,20998
Infinix Note 40 Pro Plus 5G,Infinix,6.78,32.0,108.0,4600,12,256,2.2,20999
Samsung Galaxy A15 5G (6GB RAM + 128GB),Samsung,6.5,13.0,50.0,5000,6,128,2.2,14399
Samsung Galaxy S24 Ultra (12GB RAM + 1TB),Samsung,6.8,12.0,200.0,5000,12,1024,3.3,159999
Motorola Edge 40 Neo,Motorola,6.55,32.0,50.0,5000,8,128,2.5,22999
Honor 90 5G,Honor,6.7,50.0,200.0,5000,8,256,2.36,37999
Samsung Galaxy S21 FE 5G,Samsung,6.4,32.0,12.0,4500,8,128,2.9,31999
Xiaomi 14 Civi,Xiaomi,6.55,32.0,50.0,4700,8,256,3.0,39999
Samsung Galaxy A55 5G (8GB RAM + 256GB),Samsung,6.6,32.0,50.0,5000,8,256,2.7,34499
Motorola Moto G84 5G,Motorola,6.55,16.0,50.0,5000,12,256,2.2,18999
Motorola Moto G54 5G,Motorola,6.5,16.0,50.0,6000,8,128,2.2,14999
Xiaomi 14 Ultra,Xiaomi,6.73,32.0,50.0,5000,16,512,3.3,99999
OnePlus Nord CE 3 Lite 5G (8GB RAM + 256GB),OnePlus,6.72,16.0,108.0,5000,8,256,2.2,20822
Poco X6 5G,Poco,6.67,16.0,64.0,5100,8,256,2.4,18999
Realme 13 Pro Plus 5G (12GB RAM + 256GB),Realme,6.7,32.0,50.0,5200,12,256,2.4,25999
Realme P1 Pro 5G (12GB RAM + 256GB),Realme,6.7,16.0,50.0,5000,12,256,2.2,17999
Infinix Note 40 5G,Infinix,6.78,32.0,108.0,5000,8,256,2.2,16990
Vivo V30e 5G,Vivo,6.78,50.0,50.0,5500,8,128,2.2,24749
OPPO A3 5G 2024,OPPO,6.67,5.0,50.0,5100,6,128,2.4,14990
Realme GT 6T (12GB RAM + 256GB),Realme,6.78,32.0,50.0,5500,12,256,2.8,30998
iQOO Neo 9 Pro 5G (8GB RAM + 128GB),iQOO,6.78,16.0,50.0,5160,8,128,3.2,29999
Realme 12 Pro Plus 5G (8GB RAM + 256GB),Realme,6.7,32.0,64.0,5000,8,256,2.4,24999
Xiaomi Redmi 14C 5G (4GB RAM + 128GB),Xiaomi,6.88,8.0,50.0,5160,4,128,2.2,10993
Realme P1 5G (8GB RAM+ 256GB),Realme,6.67,16.0,50.0,5000,8,256,2.6,18999
Poco X6 Neo (12GB RAM + 256GB),Poco,6.67,16.0,108.0,5000,12,256,2.4,16990
Samsung Galaxy A25 5G,Samsung,6.5,13.0,50.0,5000,8,128,2.4,17990
Samsung Galaxy A54 5G,Samsung,6.4,32.0,50.0,5000,8,128,2.4,28999
OnePlus 10 Pro 5G,OnePlus,6.7,32.0,50.0,5000,8,128,3.0,32899
Realme P2 Pro (12GB RAM + 512GB),Realme,6.7,32.0,50.0,5200,12,512,2.4,24999
Vivo Y29 5G (8GB RAM+256GB),Vivo,6.68,8.0,50.0,5500,8,256,2.4,18999
Apple iPhone 16 Pro (256GB),Apple,6.3,12.0,48.0,3582,8,256,4.05,122900
Vivo Y28s 5G,Vivo,6.56,8.0,50.0,5000,4,128,2.4,12899
Samsung Galaxy F15 5G (8GB RAM + 128GB),Samsung,6.45,13.0,50.0,6000,8,128,2.2,14489
Realme Narzo 70x 5G,Realme,6.72,8.0,50.0,5000,4,128,2.2,11999
OnePlus 12 (16GB RAM + 512GB),OnePlus,6.82,32.0,64.0,5400,16,512,3.3,61883
Google Pixel 9 Pro,Google,6.3,42.0,50.0,4700,16,256,3.1,109999
Tecno Camon 20 Premier,Tecno,6.67,32.0,108.0,5000,8,512,3.0,21999
Vivo T2 Pro 5G,Vivo,6.78,16.0,64.0,4600,8,128,2.8,25999
Xiaomi Redmi Note 10 JE 5G,Xiaomi,6.5,8.0,48.0,4800,4,64,2.0,8999
Realme P1 Speed 5G (12GB RAM + 256GB),Realme,6.67,16.0,50.0,5000,12,256,2.5,19298
Honor Magic 6 Pro,Honor,6.8,50.0,180.0,5600,12,512,3.3,89999
Samsung Galaxy A15 5G,Samsung,6.5,13.0,50.0,5000,8,128,2.2,16999
Apple iPhone 15 Plus (256GB),Apple,6.7,12.0,48.0,4383,6,256,3.46,76999
OPPO Reno 11 Pro 5G,OPPO,6.7,32.0,50.0,4600,12,256,3.1,29448
Samsung Galaxy S22 Ultra 5G (12GB RAM + 512GB),Samsung,6.8,40.0,108.0,5000,12,512,3.0,79999
OPPO F27 Pro Plus 5G (8GB RAM +128GB),OPPO,6.7,8.0,64.0,5000,8,128,2.6,25999
Vivo Y58 5G,Vivo,6.72,8.0,50.0,6000,8,128,2.2,17499
Tecno Spark 20 Pro 5G,Tecno,6.78,8.0,108.0,5000,8,256,2.4,15999
Realme C65 5G (4GB RAM + 128GB),Realme,6.67,8.0,50.0,5000,4,128,2.4,9988
Samsung Galaxy M55 (8GB RAM + 256GB),Samsung,6.67,50.0,50.0,5000,8,256,2.4,25399
Realme 12 Plus 5G (8GB RAM + 256GB),Realme,6.67,16.0,50.0,5000,8,256,2.6,17746
Realme 13 5G,Realme,6.72,16.0,50.0,5000,8,128,2.4,15569
Samsung Galaxy F54,Samsung,6.7,32.0,108.0,6000,8,256,2.4,25000
Samsung Galaxy S22 5G,Samsung,6.1,10.0,50.0,3700,8,128,3.0,39999
OnePlus 9 Pro,OnePlus,6.7,16.0,48.0,4500,8,128,2.84,29990
iQOO Z9s (12GB RAM + 256GB),iQOO,6.77,16.0,50.0,5500,12,256,2.5,23998
Nothing Phone 2a Plus (12GB RAM + 256GB),Nothing,6.7,50.0,50.0,5000,12,256,3.0,29999
Realme Narzo N65 5G (6GB RAM + 128GB),Realme,6.67,8.0,50.0,5000,6,128,2.4,10914
Poco F6 5G (12GB RAM +256GB),Poco,6.67,20.0,50.0,5000,12,256,3.0,26999
Realme P1 Pro 5G (8GB RAM + 256GB),Realme,6.7,16.0,50.0,5000,8,256,2.2,16999
Vivo Y200 5G,Vivo,6.67,16.0,64.0,4800,8,128,2.0,18999
Xiaomi Redmi 12 5G (8GB RAM + 256GB),Xiaomi,6.79,8.0,50.0,5000,8,256,2.2,13994
OPPO Reno 10,OPPO,6.7,32.0,64.0,5000,8,256,2.6,29100
Realme 10 Pro (8GB RAM + 128GB),Realme,6.72,16.0,108.0,5000,8,128,2.2,14999
Tecno Pop 9 5G (8GB RAM + 128GB),Tecno,6.67,8.0,48.0,5000,8,128,2.4,11999
Realme Narzo 70 5G (8GB RAM + 128 GB),Realme,6.67,16.0,50.0,5000,8,128,2.6,16999
iQOO Z9 5G (8GB RAM + 256GB),iQOO,6.67,16.0,50.0,5000,8,256,2.8,19564
iQOO 12 5G (16GB RAM + 512GB),iQOO,6.78,16.0,64.0,5000,16,512,3.3,50999
Samsung Galaxy M55,Samsung,6.67,50.0,50.0,5000,8,128,2.4,26999
Samsung Galaxy S23 Ultra (12GB RAM + 512GB),Samsung,6.8,12.0,200.0,5000,12,512,3.36,119999
Poco M6 5G,Poco,6.74,5.0,50.0,5000,4,128,2.2,9249
Poco F5,Poco,6.67,16.0,64.0,5000,8,256,2.91,19999
Xiaomi Redmi Note 12 Pro 5G,Xiaomi,6.67,16.0,50.0,5000,6,128,2.6,16990
Vivo X200 (16GB RAM + 512GB),Vivo,6.67,32.0,50.0,5800,16,512,3.63,71999
Realme GT 7 Pro (16GB RAM + 512GB),Realme,6.78,16.0,50.0,5800,16,512,4.32,59999
Tecno Pova 6 Neo 5G,Tecno,6.67,8.0,108.0,5000,6,128,2.4,11999
Google Pixel 8A (8GB RAM + 256GB),Google,6.1,13.0,64.0,4492,8,256,3.0,41999
Xiaomi Redmi 13C 5G (6GB RAM + 128GB),Xiaomi,6.74,5.0,50.0,5000,6,128,2.2,10895
Infinix Note 30 5G (8GB RAM + 256GB),Infinix,6.78,16.0,108.0,5000,8,256,2.4,15999
Realme 12 Pro Plus,Realme,6.7,32.0,64.0,5000,8,128,2.4,29999
Vivo T2x 5G (6GB RAM + 128GB),Vivo,6.58,8.0,50.0,5000,6,128,2.2,12990
Samsung Galaxy S23 Plus (8GB RAM + 512GB),Samsung,6.6,12.0,50.0,4700,8,512,3.36,68999
Google Pixel 8 Pro,Google,6.7,10.5,50.0,5050,12,128,3.0,69999
Poco F4 5G (8GB RAM + 128GB),Poco,6.67,20.0,64.0,4500,8,128,3.2,16995
Vivo X80 Pro 5G,Vivo,6.78,32.0,50.0,4700,12,256,3.0,42799
Motorola Edge 20 5G,Motorola,6.7,32.0,108.0,4000,8,128,2.4,18999
Samsung Galaxy S20 FE 5G,Samsung,6.5,32.0,12.0,4500,8,128,2.84,26000
OPPO F27 (8GB RAM + 256GB),OPPO,6.67,32.0,50.0,5000,8,256,2.4,22999
iQOO Z9 Lite 5G (6GB RAM +128GB),iQOO,6.56,8.0,50.0,5000,6,128,2.4,11499
OnePlus 12R (8GB RAM + 256GB),OnePlus,6.78,16.0,50.0,5500,8,256,3.2,39950
Vivo V30 Pro (12GB RAM + 512GB),Vivo,6.78,50.0,50.0,5000,12,512,3.1,39999
Vivo V30 5G (8GB RAM + 256GB),Vivo,6.78,50.0,50.0,5000,8,256,2.63,31999
Poco X6 5G (12GB RAM + 256GB),Poco,6.67,16.0,64.0,5100,12,256,2.4,18999
Motorola Moto G34 5G,Motorola,6.5,16.0,50.0,5000,4,128,2.2,10999
Realme 12X,Realme,6.72,8.0,50.0,5000,4,128,2.2,12990
Motorola Moto G54 5G (12GB RAM +256GB),Motorola,6.5,16.0,50.0,6000,12,256,2.2,16999
Lava Storm 5G,Lava,6.78,16.0,50.0,5000,8,128,2.4,11499
Apple iPhone 14 Plus,Apple,6.7,12.0,12.0,4325,6,128,3.22,69900
Motorola Edge 40 5G,Motorola,6.55,32.0,50.0,4400,8,256,2.6,26999
Motorola Edge 30 Fusion 5G,Motorola,6.55,32.0,50.0,4400,8,128,2.9,24990
Xiaomi Redmi Note 11T 5G,Xiaomi,6.6,16.0,50.0,5000,6,64,2.4,14490
Tecno Pop 9 5G (4GB RAM + 128GB),Tecno,6.67,8.0,48.0,5000,4,128,2.4,9999
Realme 13 Pro 5G (8GB RAM + 256GB),Realme,6.7,32.0,50.0,5200,8,256,2.4,22350
Lava Blaze X 5G,Lava,6.67,16.0,64.0,5000,4,128,2.4,13999
Vivo Y28e 5G,Vivo,6.56,5.0,13.0,5000,4,128,2.4,11499
Realme C65 5G (6GB RAM + 128GB),Realme,6.67,8.0,50.0,5000,6,128,2.4,11171
Poco M6 5G (6GB RAM + 128GB),Poco,6.74,5.0,50.0,5000,6,128,2.2,10499
Xiaomi Redmi 13C 5G (8GB RAM + 256GB),Xiaomi,6.74,5.0,50.0,5000,8,256,2.2,14499
OPPO A79 5G,OPPO,6.72,8.0,50.0,5000,8,128,2.2,14199
Apple iPhone 15 Pro (512GB),Apple,6.1,12.0,48.0,3274,8,512,3.78,139900
Infinix Zero 30 5G (12GB RAM + 256GB),Infinix,6.78,50.0,108.0,5000,12,256,2.6,24999
Samsung Galaxy A54 5G (8GB RAM + 256GB),Samsung,6.4,32.0,50.0,5000,8,256,2.4,28790
Samsung Galaxy S22 Plus 5G (8GB RAM + 256GB),Samsung,6.6,10.0,50.0,4500,8,256,3.0,39990
Motorola Edge 30 Ultra,Motorola,6.67,60.0,200.0,4610,8,128,3.2,42990
OPPO A3x 5G (4GB RAM + 64GB),OPPO,6.67,5.0,8.0,5100,4,64,2.4,10490
Realme 13 Pro 5G (12GB RAM + 512GB),Realme,6.7,32.0,50.0,5200,12,512,2.4,25195
Vivo Y28s 5G (6GB RAM + 128GB),Vivo,6.56,8.0,50.0,5000,6,128,2.4,14299
OPPO A3 Pro 5G (8GB RAM + 256GB),OPPO,6.67,8.0,50.0,5100,8,256,2.4,18999
Realme GT 6 5G (12GB RAM + 256GB),Realme,6.78,32.0,50.0,5500,12,256,3.0,39499
Samsung Galaxy M55 (12GB RAM + 256GB),Samsung,6.67,50.0,50.0,5000,12,256,2.4,27407
OPPO F25 Pro 5G (8GB RAM + 256GB),OPPO,6.7,32.0,64.0,5000,8,256,2.6,25994
Honor X9B,Honor,6.78,16.0,108.0,5800,8,256,2.2,30999
iQOO Z7 Pro 5G (8GB RAM + 256GB),iQOO,6.78,16.0,64.0,4600,8,256,2.8,19999
Poco M6 Pro 5G (6GB RAM + 128GB),Poco,6.79,8.0,50.0,5000,6,128,2.2,12499
Nokia G42 5G,Nokia,6.56,8.0,50.0,5000,6,128,2.2,11499
Vivo V29e,Vivo,6.78,50.0,64.0,5000,8,128,2.2,26999
OPPO Reno 10 Pro Plus,OPPO,6.74,32.0,64.0,4700,12,256,3.2,39750
OnePlus Nord CE 2 Lite 5G,OnePlus,6.59,16.0,64.0,5000,6,128,2.2,17994
OnePlus 10R 5G,OnePlus,6.7,16.0,50.0,5000,8,128,2.85,25889
Infinix Zero 5G,Infinix,6.78,16.0,48.0,4500,8,128,2.0,11399
Google Pixel 9 Pro XL,Google,6.8,42.0,50.0,5060,16,256,3.1,124999
Vivo Y200e 5G,Vivo,6.67,16.0,50.0,5000,6,128,2.2,18789
Nothing Phone 2 (12GB RAM + 256GB),Nothing,6.7,32.0,50.0,4700,12,256,3.2,45999
OnePlus Nord 3 5G (16GB RAM + 256GB),OnePlus,6.74,16.0,50.0,5000,16,256,3.05,29390
Samsung Galaxy S21 FE (Snapdragon),Samsung,6.4,32.0,12.0,4500,8,256,2.84,30950
Poco F4 (12GB RAM + 256GB),Poco,6.67,20.0,64.0,4500,12,256,3.2,18999
Samsung Galaxy M34 5G,Samsung,6.5,13.0,50.0,6000,6,128,2.4,17999
Xiaomi Redmi Note 12 5G,Xiaomi,6.67,13.0,48.0,5000,4,128,2.0,12990
Tecno Pova 6 Neo 5G (8GB RAM + 256GB),Tecno,6.67,8.0,108.0,5000,8,256,2.4,13999
Apple iPhone 16 Pro Max (512GB),Apple,6.9,12.0,48.0,4685,8,512,4.05,157900
Realme 13 Plus 5G (8GB RAM + 256GB),Realme,6.67,16.0,50.0,5000,8,256,2.5,21498
Realme C63 5G,Realme,6.67,8.0,32.0,5000,4,128,2.4,10300
Poco F6 5G (12GB RAM + 512GB),Poco,6.67,20.0,50.0,5000,12,512,3.0,33999
Samsung Galaxy M15 5G (6GB RAM + 128GB),Samsung,6.45,13.0,50.0,6000,6,128,2.2,12617
Realme Narzo 70 Pro 5G (8GB RAM + 256GB),Realme,6.67,16.0,50.0,5000,8,256,2.6,21899
Tecno Camon 30 5G,Tecno,6.78,50.0,50.0,5000,8,256,2.2,19998
Samsung Galaxy S21 FE (Snapdragon + 8GB RAM + 128GB),Samsung,6.4,32.0,12.0,4500,8,128,2.84,30099
OnePlus 11 (16GB RAM + 256GB),OnePlus,6.7,16.0,50.0,5000,16,256,3.2,43990
OnePlus 11R (16GB RAM + 256GB),OnePlus,6.74,16.0,50.0,5000,16,256,3.2,41999
Vivo X90 Pro 5G,Vivo,6.78,32.0,50.0,4870,12,256,3.05,59990
Realme 10 Pro Plus,Realme,6.7,16.0,108.0,5000,6,128,2.6,19990
Vivo V25 Pro 5G,Vivo,6.56,32.0,64.0,4830,8,128,3.0,23700
OPPO F21 Pro 5G,OPPO,6.43,16.0,64.0,4500,8,128,2.2,18330
Samsung Galaxy Note 20 Ultra 5G,Samsung,6.9,10.0,108.0,4500,12,256,2.73,61999
Tecno Spark 30C 5G (4GB RAM + 64GB),Tecno,6.67,8.0,48.0,5000,4,64,2.4,9998
Realme 13 Plus 5G (12GB RAM + 256GB),Realme,6.67,16.0,50.0,5000,12,256,2.5,23999
Realme C63 5G (8GB RAM + 128GB),Realme,6.67,8.0,32.0,5000,8,128,2.4,11898
Lava Blaze Curve 5G (8GB RAM + 256GB),Lava,6.67,32.0,64.0,5000,8,256,2.6,16999
Samsung Galaxy A14 5G (4GB RAM + 128GB),Samsung,6.6,13.0,50.0,5000,4,128,2.4,10499
Samsung Galaxy S24 Plus (12GB RAM + 512GB),Samsung,6.7,12.0,50.0,4900,12,512,3.2,109999
OPPO Reno 11 (8GB RAM + 256GB),OPPO,6.7,32.0,50.0,5000,8,256,2.6,29950
Samsung Galaxy A25 5G (8GB RAM + 256GB),Samsung,6.5,13.0,50.0,5000,8,256,2.4,19994
Realme C65 5G,Realme,6.67,8.0,50.0,5000,4,64,2.4,10499
Lava Blaze 3 5G,Lava,6.56,8.0,50.0,5000,6,128,2.4,10999
Google Pixel 8 (8GB RAM + 256 GB),Google,6.2,10.5,50.0,4575,8,256,3.0,49999
Vivo V29 (12GB RAM + 256GB),Vivo,6.78,50.0,50.0,4600,12,256,2.4,30499
Motorola Edge 40 Neo (12GB RAM + 256GB),Motorola,6.55,32.0,50.0,5000,12,256,2.5,24999
Tecno Camon 20 Pro 5G,Tecno,6.67,32.0,64.0,5000,8,128,3.0,17999
OPPO Reno 8T,OPPO,6.7,32.0,108.0,4800,8,128,2.2,38999
OPPO A78,OPPO,6.56,8.0,50.0,5000,8,128,2.2,14394
Samsung Galaxy A23 5G,Samsung,6.6,8.0,50.0,5000,6,128,2.2,15999
Samsung Galaxy M14,Samsung,6.6,13.0,50.0,6000,4,128,2.4,12999
Asus ROG Phone 5s 5G (12GB RAM + 256GB),Asus,6.78,24.0,64.0,6000,12,256,2.9,32999
OnePlus 10 Pro 5G (12GB RAM + 256GB),OnePlus,6.7,32.0,50.0,5000,12,256,3.0,39699
Infinix Note 40 Pro Racing Edition,Infinix,6.78,32.0,108.0,5000,8,256,2.2,18999
Tecno Camon 30 5G (12GB RAM + 512GB),Tecno,6.78,50.0,50.0,5000,12,512,2.2,23998
Realme GT 6T (12GB RAM + 512GB),Realme,6.78,32.0,50.0,5500,12,512,2.8,34695
Vivo Y200 Pro 5G,Vivo,6.78,16.0,64.0,5000,8,128,2.2,23899
Realme 12X (6GB RAM +128GB),Realme,6.72,8.0,50.0,5000,6,128,2.2,12499
Vivo V30 5G (12GB RAM + 256GB),Vivo,6.78,50.0,50.0,5000,12,256,2.63,32990
Realme 12 5G (8GB RAM + 128GB),Realme,6.72,8.0,108.0,5000,8,128,2.2,16298
Xiaomi Redmi 12 5G (6GB RAM + 128GB),Xiaomi,6.79,8.0,50.0,5000,6,128,2.2,12191
Nothing Phone 2 (12GB RAM + 512GB),Nothing,6.7,32.0,50.0,4700,12,512,3.2,39999
iQOO Neo 7 Pro,iQOO,6.78,16.0,50.0,5000,8,128,3.2,35391
Samsung Galaxy F34 5G,Samsung,6.5,13.0,50.0,6000,6,128,2.4,19999
Samsung Galaxy A34 5G (8GB RAM + 128GB),Samsung,6.6,13.0,48.0,5000,8,128,2.6,24999
Vivo T2 5G,Vivo,6.38,16.0,64.0,4500,6,128,2.2,15999
Samsung Galaxy S23 Ultra (12GB RAM + 1TB),Samsung,6.8,12.0,200.0,5000,12,1024,3.36,139999
OPPO Reno 10 Pro,OPPO,6.7,32.0,50.0,4600,12,256,2.4,29399
Xiaomi Redmi Note 12 Pro Plus,Xiaomi,6.67,16.0,200.0,4980,8,256,2.6,23849
Infinix Note 12 Pro 5G,Infinix,6.7,16.0,108.0,5000,8,128,2.4,13290
Xiaomi 12 Pro 5G,Xiaomi,6.73,32.0,50.0,4600,8,256,3.0,38999
OPPO Find X8 5G (16GB RAM + 512GB),OPPO,6.59,32.0,50.0,5630,16,512,3.63,79999
Xiaomi 14 Civi (12GB RAM + 512GB),Xiaomi,6.55,32.0,50.0,4700,12,512,3.0,43999
Samsung Galaxy M15 5G (8GB RAM + 128GB),Samsung,6.45,13.0,50.0,6000,8,128,2.2,14485
Vivo Y200 5G (8GB RAM + 256GB),Vivo,6.67,16.0,64.0,4800,8,256,2.0,19999
Vivo Y28 5G,Vivo,6.56,8.0,50.0,5000,4,128,2.2,12999
Xiaomi Redmi 12 5G,Xiaomi,6.79,8.0,50.0,5000,4,128,2.2,11999
OnePlus Nord CE 3 (12GB RAM + 256GB),OnePlus,6.7,16.0,50.0,5000,12,256,2.7,27890
Vivo Y100A,Vivo,6.38,16.0,64.0,4500,8,128,2.2,17990
Poco X5 5G (8GB RAM + 256GB),Poco,6.67,13.0,48.0,5000,8,256,2.2,23998
Tecno Phantom X2,Tecno,6.8,32.0,64.0,5160,8,256,3.05,23999
Vivo V29 Pro,Vivo,6.78,50.0,50.0,4600,8,256,3.1,31999
Vivo V25 Pro (12GB RAM + 256GB),Vivo,6.56,32.0,64.0,4830,12,256,3.0,25990
Apple iPhone 13 Pro Max (1TB),Apple,6.7,12.0,12.0,4352,6,1024,3.22,179900
Vivo V23 Pro 5G,Vivo,6.56,50.0,108.0,4300,8,128,3.0,27990
Xiaomi Mi 11T Pro 5G,Xiaomi,6.67,16.0,108.0,5000,8,128,2.84,20950
Motorola Edge 20 Pro 5G,Motorola,6.7,32.0,108.0,4500,8,128,3.2,23749
OnePlus 9R 5G,OnePlus,6.55,16.0,48.0,4500,8,128,3.2,26390
Tecno Spark 30C 5G,Tecno,6.67,8.0,48.0,5000,4,128,2.4,10498
Apple iPhone 16 (512GB),Apple,6.1,12.0,48.0,3561,8,512,4.04,104900
Realme 13 5G (8GB RAM +256GB),Realme,6.72,16.0,50.0,5000,8,256,2.4,17730
Infinix Note 40 Pro Plus Racing Edition,Infinix,6.78,32.0,108.0,4600,12,256,2.2,20999
Vivo Y28e 5G (4GB RAM + 64GB),Vivo,6.56,5.0,13.0,5000,4,64,2.4,10474
Vivo Y200e 5G (8GB RAM + 128GB),Vivo,6.67,16.0,50.0,5000,8,128,2.2,17999
Samsung Galaxy S24 (8GB RAM + 512GB),Samsung,6.2,12.0,50.0,4000,8,512,3.2,69999
Realme C67 5G,Realme,6.72,8.0,50.0,5000,4,128,2.2,10649
Vivo T2x 5G (8GB RAM + 128GB),Vivo,6.58,8.0,50.0,5000,8,128,2.2,14999
Vivo T2x 5G,Vivo,6.58,8.0,50.0,5000,4,128,2.2,11999
Infinix Hot 20 (6GB RAM+ 128GB),Infinix,6.6,8.0,50.0,5000,6,128,2.4,11990
Xiaomi Redmi Note 12 (6GB RAM + 128GB),Xiaomi,6.67,13.0,48.0,5000,6,128,2.0,12239
Nothing Phone 1 (8GB RAM + 256GB),Nothing,6.55,16.0,50.0,4500,8,256,2.5,25799
Xiaomi Redmi K50i 5G,Xiaomi,6.6,16.0,64.0,5080,6,128,2.85,27999
Samsung Galaxy M53 5G,Samsung,6.7,32.0,108.0,5000,6,128,2.4,19865
Vivo V23 Pro 5G (12GB RAM + 256GB),Vivo,6.56,50.0,108.0,4300,12,256,3.0,43850
Realme GT 2 Pro 5G,Realme,6.7,32.0,50.0,5000,8,128,3.0,26999
Vivo X80 5G,Vivo,6.78,32.0,50.0,4500,8,128,3.05,34894
Poco X5 5G,Poco,6.67,13.0,48.0,5000,6,128,2.2,13485
Poco X4 Pro 5G,Poco,6.67,16.0,64.0,5000,6,64,2.2,13690
Xiaomi Mi 11X,Xiaomi,6.67,20.0,48.0,4520,6,128,3.2,15999
OnePlus Nord 2 5G,OnePlus,6.43,32.0,50.0,4500,8,128,3.0,26639
Apple iPhone 16 Pro (512GB),Apple,6.3,12.0,48.0,3582,8,512,4.05,142900
Vivo Y28s 5G (8GB RAM + 128GB),Vivo,6.56,8.0,50.0,5000,8,128,2.4,15499
Poco F6 Deadpool Limited Edition,Poco,6.67,20.0,50.0,5000,12,256,3.0,26999
Lava Yuva 5G,Lava,6.53,8.0,50.0,5000,4,64,2.0,8698
Realme Narzo N65 5G,Realme,6.67,8.0,50.0,5000,4,128,2.4,10990
Vivo V30e (8GB RAM + 256GB),Vivo,6.78,50.0,50.0,5500,8,256,2.2,27999
Xiaomi Redmi Note 13 Pro Plus World Champions Edition,Xiaomi,6.67,16.0,200.0,5000,12,512,2.8,33499
Realme 12 Pro 5G (8GB RAM + 256GB),Realme,6.7,16.0,50.0,5000,8,256,2.2,20999
Samsung Galaxy A15 5G (8GB RAM + 256GB),Samsung,6.5,13.0,50.0,5000,8,256,2.2,19999
OPPO A59 5G,OPPO,6.56,8.0,13.0,5000,4,128,2.2,13800
Vivo T2 Pro 5G (8GB RAM + 256GB),Vivo,6.78,16.0,64.0,4600,8,256,2.8,23999
Apple iPhone 15 Plus (512GB),Apple,6.7,12.0,48.0,4383,6,512,3.46,93900
Realme 11 5G (8GB RAM + 256GB),Realme,6.72,16.0,108.0,5000,8,256,2.2,16994
Tecno Pova 5 Pro 5G (8GB RAM + 256GB),Tecno,6.78,16.0,50.0,5000,8,256,2.4,15999
Realme 12 5G,Realme,6.72,8.0,108.0,5000,6,128,2.2,16999
Samsung Galaxy F14 5G (6GB RAM + 128GB),Samsung,6.6,13.0,50.0,6000,6,128,2.4,13000
Vivo Y56,Vivo,6.58,16.0,50.0,5000,8,128,2.2,16990
Lava Blaze 5G (6GB RAM + 128GB),Lava,6.5,8.0,50.0,5000,6,128,2.2,8999
iQOO 11 (16GB RAM + 256GB),iQOO,6.78,16.0,50.0,5000,16,256,3.2,44990
Apple iPhone 14 (256GB),Apple,6.1,12.0,12.0,3279,6,256,3.22,64900
Poco F4 5G,Poco,6.67,20.0,64.0,4500,6,128,3.2,16950
Realme 9 5G,Realme,6.5,16.0,48.0,5000,4,64,2.4,11949
Vivo V23e 5G,Vivo,6.44,44.0,50.0,4050,8,128,2.4,19990
Xiaomi Redmi Note 11 Pro Plus 5G,Xiaomi,6.67,16.0,108.0,5000,6,128,2.2,19999
iQOO 9 5G,iQOO,6.56,16.0,48.0,4350,8,128,2.9,25990
OnePlus 9,OnePlus,6.55,16.0,50.0,4500,8,128,2.84,25798
Google Pixel 9 Pro XL (16GB RAM + 512GB),Google,6.8,42.0,50.0,5060,16,512,3.1,139999
Realme 12 Pro 5G (12GB RAM + 256GB),Realme,6.7,16.0,50.0,5000,12,256,2.2,22999
Google Pixel 8 Pro (12GB RAM + 256 GB),Google,6.7,10.5,50.0,5050,12,256,3.0,76999
Nokia G42 5G (8GB RAM + 256GB),Nokia,6.56,8.0,50.0,5000,8,256,2.2,16999
Apple iPhone 15 Pro Max (512GB),Apple,6.7,12.0,48.0,4441,8,512,3.78,135900
Apple iPhone 15 Pro Max (1TB),Apple,6.7,12.0,48.0,4441,8,1024,3.78,154900
Apple iPhone 15 (512GB),Apple,6.1,12.0,48.0,3349,6,512,3.46,87999
Xiaomi Redmi Note 12 Pro (12GB RAM + 256GB),Xiaomi,6.67,16.0,50.0,5000,12,256,2.6,19990
Realme 11 Pro (12GB RAM + 256GB),Realme,6.7,16.0,100.0,5000,12,256,2.6,25999
Infinix GT 10 Pro,Infinix,6.67,32.0,108.0,5000,8,256,3.0,21990
Vivo Y100 5G,Vivo,6.38,16.0,64.0,4500,8,128,2.4,18990
OnePlus 10T,OnePlus,6.7,16.0,50.0,4800,8,128,3.2,38999
iQOO Neo 7 5G,iQOO,6.78,16.0,64.0,5000,8,128,3.1,27990
OPPO F23,OPPO,6.72,32.0,64.0,5000,8,256,2.2,20500
Realme GT Neo 3 5G (12GB RAM + 256GB),Realme,6.7,16.0,50.0,4500,12,256,2.85,27490
Samsung Galaxy M33 5G (8GB RAM + 128GB),Samsung,6.6,8.0,50.0,6000,8,128,2.4,16899
Vivo V25 5G,Vivo,6.44,50.0,64.0,4500,8,128,2.0,24990
Xiaomi 11T Pro 5G (8GB RAM + 256GB),Xiaomi,6.67,16.0,108.0,5000,8,256,2.84,22999
OnePlus Nord CE 2 5G,OnePlus,6.43,16.0,64.0,4500,6,128,2.4,21990
Samsung Galaxy M33 5G,Samsung,6.6,8.0,50.0,6000,6,128,2.4,16999
Apple iPhone 13 (512GB),Apple,6.1,12.0,12.0,3240,4,512,3.22,73999
Xiaomi Mi 11 Lite NE 5G,Xiaomi,6.55,20.0,64.0,4250,6,128,2.4,23999
Realme GT Master Edition 5G,Realme,6.43,32.0,64.0,4300,8,128,2.4,22990
Realme 9 Pro 5G,Realme,6.6,16.0,64.0,5000,6,128,2.2,18490
OPPO F19 Pro Plus 5G,OPPO,6.43,16.0,48.0,4310,8,128,2.4,23990
Realme X7 Pro,Realme,6.55,32.0,64.0,4500,8,128,2.6,29999
Samsung Galaxy S21,Samsung,6.2,10.0,64.0,4000,8,128,2.9,69999
Motorola Edge Plus,Motorola,6.7,25.0,108.0,5000,12,256,2.84,49999
Realme C65 5G (8GB RAM + 128GB),Realme,6.67,8.0,50.0,5000,8,128,2.4,11990
Realme Narzo N65 5G (8GB RAM + 128GB),Realme,6.67,8.0,50.0,5000,8,128,2.4,12823
Xiaomi 14 Civi Limited Edition,Xiaomi,6.55,32.0,50.0,4700,12,512,3.0,44999
Vivo X100 5G (16GB RAM + 512GB),Vivo,6.78,32.0,64.0,5000,16,512,3.25,69999
Poco M6 5G (8GB RAM + 256GB),Poco,6.74,5.0,50.0,5000,8,256,2.2,13499
Realme Narzo 60X,Realme,6.72,8.0,50.0,5000,4,128,2.2,11499
Samsung Galaxy F34 5G (8GB RAM + 128GB),Samsung,6.5,13.0,50.0,6000,8,128,2.4,21999
Realme 11x 5G,Realme,6.72,8.0,64.0,5000,6,128,2.2,14999
Realme 11 Pro (8GB RAM + 256GB),Realme,6.7,16.0,100.0,5000,8,256,2.6,25890
Xiaomi Redmi Note 12 (8GB RAM + 256GB),Xiaomi,6.67,13.0,48.0,5000,8,256,2.0,15498
Samsung Galaxy M14 (6GB RAM + 128GB),Samsung,6.6,13.0,50.0,6000,6,128,2.4,13999
Lava Agni 2 5G,Lava,6.78,16.0,50.0,4700,8,256,2.6,21999
Poco X5 Pro (8GB RAM + 256GB),Poco,6.67,16.0,108.0,5000,8,256,2.4,28998
Samsung Galaxy A23 5G (8GB RAM + 128GB),Samsung,6.6,8.0,50.0,5000,8,128,2.2,17999
Motorola Moto G73,Motorola,6.5,16.0,50.0,5000,8,128,2.2,20499
Realme GT Neo 3T (8GB RAM + 128GB),Realme,6.62,16.0,64.0,5000,8,128,3.2,31999
OPPO F21s Pro,OPPO,6.43,16.0,64.0,4500,8,128,2.2,17999
Xiaomi Redmi K50i (8GB RAM + 256GB),Xiaomi,6.6,16.0,64.0,5080,8,256,2.85,22990
Vivo X90 5G,Vivo,6.78,32.0,50.0,4810,8,256,3.05,44990
Samsung Galaxy A33 5G (8GB RAM + 128GB),Samsung,6.4,13.0,48.0,5000,8,128,2.4,33990
Poco M4 5G,Poco,6.58,8.0,50.0,5000,4,64,2.2,9990
Samsung Galaxy A33 5G,Samsung,6.4,13.0,48.0,5000,6,128,2.4,19999
OPPO Reno7 Pro 5G,OPPO,6.55,32.0,50.0,4500,12,256,3.0,27990
OPPO Reno7 5G,OPPO,6.43,32.0,64.0,4500,8,256,2.0,23990
Poco M4 Pro 5G,Poco,6.6,16.0,50.0,5000,4,64,2.4,10999
Vivo X70 Pro 5G (12GB RAM + 256GB),Vivo,6.56,32.0,50.0,4450,12,256,3.0,36999
Poco F3 GT 5G (8GB RAM+256GB),Poco,6.67,16.0,64.0,5065,8,256,3.0,24990
OPPO A74 5G,OPPO,6.5,8.0,48.0,5000,6,128,2.0,17990
Vivo V20 Pro,Vivo,6.44,44.0,64.0,4000,8,128,2.4,29990
Apple iPhone 16 Pro (1TB),Apple,6.3,12.0,48.0,3582,8,1024,4.05,162900
Tecno Spark 20 Pro 5G (8GB RAM + 256GB),Tecno,6.78,8.0,108.0,5000,8,256,2.4,18499
Lava Blaze X 5G (6GB RAM + 128GB),Lava,6.67,16.0,64.0,5000,6,128,2.4,15999
Lava Blaze X 5G (8GB RAM + 128GB),Lava,6.67,16.0,64.0,5000,8,128,2.4,16499
Vivo Y28 5G (8GB RAM + 128GB),Vivo,6.56,8.0,50.0,5000,8,128,2.2,14999
Vivo Y28 5G (6GB RAM + 128GB),Vivo,6.56,8.0,50.0,5000,6,128,2.2,13499
Realme C67 5G (6GB RAM + 128GB),Realme,6.72,8.0,50.0,5000,6,128,2.2,12990
Lava Blaze 2 5G (6GB RAM + 128GB),Lava,6.5,8.0,50.0,5000,6,128,2.2,10349
Vivo V29 Pro (12GB RAM + 256GB),Vivo,6.78,50.0,50.0,4600,12,256,3.1,38794
Poco M6 Pro 5G (4GB RAM + 128GB),Poco,6.79,8.0,50.0,5000,4,128,2.2,10999
Apple iPhone 15 Pro (1TB),Apple,6.1,12.0,48.0,3274,8,1024,3.78,144900
Samsung Galaxy M34 5G (8GB RAM + 128GB),Samsung,6.5,13.0,50.0,6000,8,128,2.4,19999
Vivo Y56 5G (4GB RAM + 128GB),Vivo,6.58,16.0,50.0,5000,4,128,2.2,13990
Infinix Hot 30 5G,Infinix,6.78,8.0,50.0,6000,4,128,2.2,12499
Tecno Spark 10 5G (8GB RAM + 128GB),Tecno,6.56,8.0,50.0,5000,8,128,2.2,13999
Realme 11,Realme,6.72,16.0,108.0,5000,8,128,2.2,18999
Vivo T2 5G (8GB RAM + 128GB),Vivo,6.38,16.0,64.0,4500,8,128,2.2,17990
Samsung Galaxy A14 5G (8GB RAM + 128GB),Samsung,6.6,13.0,50.0,5000,8,128,2.4,16499
Xiaomi Redmi Note 12 Pro (8GB RAM + 256GB),Xiaomi,6.67,16.0,50.0,5000,8,256,2.6,19980
Xiaomi Redmi Note 12 Pro Plus (12GB RAM + 256GB),Xiaomi,6.67,16.0,200.0,4980,12,256,2.6,23999
Realme 10 Pro Plus (8GB RAM + 128GB),Realme,6.7,16.0,108.0,5000,8,128,2.6,20990
Infinix Hot 20,Infinix,6.6,8.0,50.0,5000,4,64,2.4,9990
Vivo V25 (12GB RAM + 256GB),Vivo,6.44,50.0,64.0,4500,12,256,2.0,22990
Realme 9i 5G,Realme,6.6,8.0,50.0,5000,4,64,2.4,14999
Xiaomi Redmi 11 Prime 5G,Xiaomi,6.58,5.0,50.0,5000,4,64,2.2,10965
Nothing Phone 1 (12GB RAM + 256GB),Nothing,6.55,16.0,50.0,4500,12,256,2.5,32999
Realme Narzo 60 Pro 5G,Realme,6.7,16.0,100.0,5000,8,128,2.6,23990
Vivo T1 Pro 5G (8GB RAM + 128GB),Vivo,6.44,16.0,64.0,4700,8,128,2.4,21999
Motorola Edge 30 5G (8GB RAM + 128GB),Motorola,6.5,32.0,50.0,4020,8,128,2.5,26999
Poco X4 Pro 5G (6GB RAM + 128GB),Poco,6.67,16.0,64.0,5000,6,128,2.2,14850
Realme 9 Pro Plus 5G (8GB RAM + 128GB),Realme,6.4,16.0,50.0,4500,8,128,2.5,26999
Samsung Galaxy S22 5G (8GB RAM + 256GB),Samsung,6.1,10.0,50.0,3700,8,256,3.0,51328
Samsung Galaxy F23 5G,Samsung,6.6,8.0,50.0,5000,4,128,2.2,13888
Motorola Edge 30 5G,Motorola,6.5,32.0,50.0,4020,6,128,2.5,24999
Realme GT Neo 3 5G,Realme,6.7,16.0,50.0,5000,8,128,2.85,21990
Xiaomi 11i HyperCharge 5G,Xiaomi,6.67,16.0,108.0,4500,6,128,2.5,19490
Realme GT Neo2 5G,Realme,6.62,16.0,64.0,5000,8,128,3.2,23990
Asus ROG Phone 5s Pro 5G,Asus,6.78,24.0,64.0,6000,18,512,2.9,79999
Xiaomi Redmi Note 10T 5G (6GB RAM +128GB),Xiaomi,6.5,8.0,48.0,5000,6,128,2.2,13180
Samsung Galaxy S22 Plus 5G,Samsung,6.6,10.0,50.0,4500,8,128,3.0,49999
Realme X7 Max,Realme,6.43,16.0,64.0,4500,8,128,3.0,26999
Xiaomi Mi 11i 5G,Xiaomi,6.67,16.0,108.0,5160,6,128,2.5,18990
Xiaomi Mi 11X Pro,Xiaomi,6.67,20.0,108.0,4520,8,128,2.84,24749
Samsung Galaxy S21 Plus,Samsung,6.7,10.0,64.0,4800,8,128,2.9,49000
Xiaomi Mi 10T 5G (8GB RAM + 128GB),Xiaomi,6.67,20.0,64.0,5000,8,128,2.84,17975
OPPO A59 5G (6GB RAM + 128GB),OPPO,6.56,8.0,13.0,5000,6,128,2.2,14490
Lava Blaze 2 5G,Lava,6.5,8.0,50.0,5000,4,64,2.2,9450
Infinix Hot 30 5G (8GB RAM + 128GB),Infinix,6.78,8.0,50.0,6000,8,128,2.2,13499
OnePlus 11 5G Marble Odyssey,OnePlus,6.7,16.0,50.0,5000,16,256,3.2,45999
Vivo X90 (12GB RAM + 256GB),Vivo,6.78,32.0,50.0,4810,12,256,3.05,49990
Vivo Y100A (8GB RAM + 256GB),Vivo,6.38,16.0,64.0,4500,8,256,2.2,23999
Apple iPhone 14 (512GB),Apple,6.1,12.0,12.0,3279,6,512,3.22,66999
Apple iPhone 14 Plus (256GB),Apple,6.7,12.0,12.0,4325,6,256,3.22,72900
Realme GT Neo 3T,Realme,6.62,16.0,64.0,5000,6,128,3.2,29999
Poco M4 5G (6GB RAM + 128GB),Poco,6.58,8.0,50.0,5000,6,128,2.2,11499
Realme GT 2 (12GB RAM + 256GB),Realme,6.62,16.0,50.0,5000,12,256,2.84,27990
OPPO K10 5G,OPPO,6.56,8.0,48.0,5000,8,128,2.4,16599
Realme 9 5G (6GB RAM + 128GB),Realme,6.5,16.0,48.0,5000,6,128,2.4,16990
Realme 9 5G SE,Realme,6.6,16.0,48.0,5000,6,128,2.4,17990
Vivo T1 Pro,Vivo,6.44,16.0,64.0,4700,6,128,2.4,16990
Xiaomi Redmi Note 11T 5G (8GB RAM + 128GB),Xiaomi,6.6,16.0,50.0,5000,8,128,2.4,15990
Xiaomi Redmi Note 11T 5G (6GB RAM + 128GB),Xiaomi,6.6,16.0,50.0,5000,6,128,2.4,15490
Motorola Moto G51 5G,Motorola,6.8,13.0,50.0,5000,4,64,2.2,11790
OnePlus 9RT 5G (12GB RAM + 256GB),OnePlus,6.62,16.0,50.0,4500,12,256,2.84,36999
Realme 8s 5G (8GB RAM + 128GB),Realme,6.5,16.0,64.0,5000,8,128,2.4,17799
Samsung Galaxy M32 5G (8GB RAM + 128GB),Samsung,6.5,13.0,48.0,5000,8,128,2.0,16990
Realme Narzo 50 Pro 5G,Realme,6.4,16.0,48.0,5000,6,128,2.5,19990
Realme Narzo 30 5G (4GB RAM + 64GB),Realme,6.5,16.0,48.0,5000,4,64,2.2,12990
Vivo X70 Pro 5G,Vivo,6.56,32.0,50.0,4450,8,128,3.0,33499
Xiaomi Redmi Note 10T 5G,Xiaomi,6.5,8.0,48.0,5000,4,64,2.2,12780
Poco M3 Pro 5G (6GB RAM + 128GB),Poco,6.5,8.0,48.0,5000,6,128,2.2,12990
Realme GT 2 5G,Realme,6.62,16.0,50.0,5000,8,128,2.84,25280
Realme 8 5G,Realme,6.5,16.0,48.0,5000,4,128,2.2,15490
Samsung Galaxy S21 5G (8GB RAM + 256GB),Samsung,6.2,10.0,64.0,4000,8,256,2.9,73999
Samsung Galaxy S21 Plus 5G (8GB RAM + 256GB),Samsung,6.7,10.0,64.0,4800,8,256,2.9,85999
Xiaomi Mi 10i,Xiaomi,6.67,16.0,108.0,4820,6,128,2.2,17999
Realme Narzo 60X (6GB RAM + 128GB),Realme,6.72,8.0,50.0,5000,6,128,2.2,14999
Tecno Spark 10 5G,Tecno,6.56,8.0,50.0,5000,4,64,2.2,12499
Xiaomi Redmi Note 12 Pro (8GB RAM + 128GB),Xiaomi,6.67,16.0,50.0,5000,8,128,2.6,24999
Realme GT Neo 3T (8GB RAM + 256GB),Realme,6.62,16.0,64.0,5000,8,256,3.2,33999
Xiaomi Redmi 11 Prime 5G (6GB RAM + 128GB),Xiaomi,6.58,5.0,50.0,5000,6,128,2.2,11990
OnePlus 10T (12GB RAM + 256GB),OnePlus,6.7,16.0,50.0,4800,12,256,3.2,42990
Vivo X80 5G (12GB RAM + 256GB),Vivo,6.78,32.0,50.0,4500,12,256,3.05,46799
Realme Narzo 50 5G (4GB RAM + 64GB),Realme,6.6,16.0,48.0,5000,4,64,2.4,13990
Realme Narzo 50 Pro 5G (8GB RAM + 128GB),Realme,6.4,16.0,48.0,5000,8,128,2.5,19990
Realme Narzo 50 5G (4GB RAM + 128GB),Realme,6.6,16.0,48.0,5000,4,128,2.4,19990
Realme GT Neo 3 5G (8GB RAM + 256GB),Realme,6.7,16.0,50.0,5000,8,256,2.85,23990
Realme 9 Pro Plus 5G (8GB RAM + 256GB),Realme,6.4,16.0,50.0,4500,8,256,2.5,28999
Xiaomi Redmi Note 11 Pro Plus 5G (8GB RAM + 128GB),Xiaomi,6.67,16.0,108.0,5000,8,128,2.2,17990
Realme GT Master Edition 5G (6GB RAM + 128GB),Realme,6.43,32.0,64.0,4300,6,128,2.4,21999
Samsung Galaxy M32 5G,Samsung,6.5,13.0,48.0,5000,6,128,2.0,20699
Samsung Galaxy F42 5G,Samsung,6.6,8.0,64.0,5000,6,128,2.2,22899
Poco M3 Pro 5G,Poco,6.5,8.0,48.0,5000,4,64,2.2,11990
OPPO A53s 5G (8GB RAM + 128GB),OPPO,6.52,8.0,13.0,5000,8,128,2.2,14990
Xiaomi Mi 11X Pro 5G (8GB RAM + 256GB),Xiaomi,6.67,20.0,108.0,4520,8,256,2.84,24990
OPPO A53s 5G,OPPO,6.52,8.0,13.0,5000,6,128,2.2,14490
Xiaomi Mi 10T 5G,Xiaomi,6.67,20.0,64.0,5000,6,128,2.84,17999
Motorola Moto G 5G,Motorola,6.67,16.0,48.0,5000,6,128,2.2,20999
Apple iPhone 14 Plus (512GB),Apple,6.7,12.0,12.0,4325,6,512,3.22,84900
OPPO K10 5G (6GB RAM + 128GB),OPPO,6.56,8.0,48.0,5000,6,128,2.4,17190
Xiaomi 14,Xiaomi,6.36,32.0,50.0,4610,12,512,3.3,49422
Realme Narzo 70 5G,Realme,6.67,16.0,50.0,5000,6,128,2.6,13620
Vivo X100 5G,Vivo,6.78,32.0,64.0,5000,12,256,3.25,61999
Samsung Galaxy S22 Ultra 5G,Samsung,6.8,40.0,108.0,5000,12,256,3.0,62994
Samsung Galaxy M52 5G,Samsung,6.7,32.0,64.0,5000,6,128,2.4,22999
Apple iPhone 15 Pro,Apple,6.1,12.0,48.0,3274,8,128,3.78,109900
Vivo V27,Vivo,6.78,50.0,50.0,4600,8,128,2.8,27999
Honor 90 5G (12GB RAM +512GB),Honor,6.7,50.0,200.0,5000,12,512,2.36,24999
Infinix Note 12 5G,Infinix,6.7,16.0,50.0,5000,6,64,2.4,10490
Motorola Moto G82 (8GB RAM + 128GB),Motorola,6.6,16.0,50.0,5000,8,128,2.2,14999
Samsung Galaxy F23 5G (6GB RAM + 128GB),Samsung,6.6,8.0,50.0,5000,6,128,2.2,15200
Samsung Galaxy M55s 5G (8GB RAM + 256GB),Samsung,6.7,50.0,50.0,5000,8,256,2.4,23999
Realme 11 Pro Plus (12GB RAM + 256GB),Realme,6.7,32.0,200.0,5000,12,256,2.6,25499
Apple iPhone 15 Pro (256GB),Apple,6.1,12.0,48.0,3274,8,256,3.78,119900
Samsung Galaxy S23 Plus,Samsung,6.6,12.0,50.0,4700,8,256,3.36,64999
OnePlus Nord 2T 5G,OnePlus,6.43,32.0,50.0,4500,8,128,3.0,28999
Google Pixel 6A,Google,6.14,8.0,12.2,4410,6,128,2.8,22999
Samsung Galaxy A53 5G,Samsung,6.5,32.0,64.0,5000,6,128,2.4,29999
Apple iPhone 14 Pro,Apple,6.1,12.0,48.0,3200,6,128,3.46,109994
Google Pixel 6 Pro,Google,6.71,11.1,50.0,5003,12,128,2.8,33999
Poco X5 Pro,Poco,6.67,16.0,108.0,5000,6,128,2.4,21999
Motorola Edge 30 Ultra (12GB RAM + 256GB),Motorola,6.67,60.0,200.0,4610,12,256,3.2,39999
Vivo V27 Pro,Vivo,6.78,50.0,50.0,4600,8,128,3.1,28499
Realme 11 Pro,Realme,6.7,16.0,100.0,5000,8,128,2.6,23490
Apple iPhone 14 Pro Max,Apple,6.7,12.0,48.0,4323,6,128,3.46,122994
Motorola Edge 20 Fusion 5G (8GB RAM + 128GB),Motorola,6.67,32.0,108.0,5000,8,128,2.4,17990
Samsung Galaxy S21 Ultra,Samsung,6.8,40.0,108.0,5000,12,256,2.9,58990
Samsung Galaxy A34 5G,Samsung,6.6,13.0,48.0,5000,6,128,2.6,20690
OnePlus 8T (12GB RAM + 256GB),OnePlus,6.55,16.0,48.0,4500,12,256,2.84,22999
Poco M6 Pro 5G (8GB RAM + 256GB),Poco,6.79,8.0,50.0,5000,8,256,2.2,14999
OnePlus 11R 5G (18GB RAM + 512GB),OnePlus,6.74,16.0,50.0,5000,18,512,3.2,39900
Samsung Galaxy M34 5G (8GB RAM + 256GB),Samsung,6.5,13.0,50.0,6000,8,256,2.4,16999
Lava Blaze Pro 5G,Lava,6.78,8.0,50.0,5000,8,128,2.2,10499
Vivo X100 Pro 5G,Vivo,6.78,32.0,50.0,5400,16,256,3.25,89999
Samsung Galaxy A53 (8GB RAM + 256GB),Samsung,6.5,32.0,64.0,5000,8,256,2.4,35990
Realme 11 Pro Plus,Realme,6.7,32.0,200.0,5000,8,256,2.6,26990
Realme 10 Pro,Realme,6.72,16.0,108.0,5000,6,128,2.2,18050
Samsung Galaxy A73 5G (8GB RAM + 256GB),Samsung,6.7,32.0,108.0,5000,8,256,2.4,34999
Realme Narzo 60 5G,Realme,6.43,16.0,64.0,5000,8,128,2.2,13995
Vivo V27 (12GB RAM + 256GB),Vivo,6.78,50.0,50.0,4600,12,256,2.8,34799
Vivo V27 Pro (12GB RAM + 256GB),Vivo,6.78,50.0,50.0,4600,12,256,3.1,37990
Samsung Galaxy A53 5G (8GB RAM + 128GB),Samsung,6.5,32.0,64.0,5000,8,128,2.4,35990
iQOO 9 5G (12GB RAM + 256GB),iQOO,6.56,16.0,48.0,4350,12,256,2.9,25990
OPPO Reno8 5G,OPPO,6.43,32.0,50.0,4500,8,128,3.0,24990
iQOO Neo 6 5G,iQOO,6.62,16.0,64.0,4700,8,128,3.2,24999
Samsung Galaxy M52 5G (8GB RAM + 128GB),Samsung,6.7,32.0,64.0,5000,8,128,2.4,22680
Samsung Galaxy A73 5G,Samsung,6.7,32.0,108.0,5000,8,128,2.4,34990
Realme 8 5G (8GB RAM + 128GB),Realme,6.5,16.0,48.0,5000,8,128,2.2,16499
OPPO Reno 6,OPPO,6.43,32.0,64.0,4300,8,128,2.0,25490
Apple iPhone 13 Pro,Apple,6.1,12.0,12.0,3095,6,128,3.22,99900
OnePlus Nord (12GB RAM + 256GB),OnePlus,6.44,32.0,48.0,4115,12,256,2.4,27999
Nothing Phone 2a Plus Community Edition,Nothing,6.7,50.0,50.0,5000,12,256,3.0,29999
Tecno Pova 6 Pro (12GB RAM + 256GB),Tecno,6.78,32.0,108.0,6000,12,256,2.4,21999
Vivo V29e (8GB RAM + 256GB),Vivo,6.78,50.0,64.0,5000,8,256,2.2,24929
Poco M6 Pro 5G,Poco,6.79,8.0,50.0,5000,4,64,2.2,10999
Realme Narzo 60 Pro (12GB RAM + 1TB),Realme,6.7,16.0,100.0,5000,12,1024,2.6,27999
iQOO Z7s (8GB RAM + 128GB),iQOO,6.38,16.0,64.0,4500,8,128,2.2,15690
Google Pixel 7 Pro 5G (12GB RAM + 512GB),Google,6.7,10.8,50.0,5000,12,512,2.85,93990
Samsung Galaxy A34 5G (8GB RAM + 256GB),Samsung,6.6,13.0,48.0,5000,8,256,2.6,24999
Samsung Galaxy F14 5G,Samsung,6.6,13.0,50.0,6000,4,128,2.4,9960
Realme 10 Pro Plus (8GB RAM + 256GB),Realme,6.7,16.0,108.0,5000,8,256,2.6,19999
iQOO Z6 Lite (6GB RAM + 128GB),iQOO,6.58,8.0,50.0,5000,6,128,2.0,16989
Apple iPhone 14 Pro Max (256GB),Apple,6.7,12.0,48.0,4323,6,256,3.46,131994
iQOO Z6 Lite 5G,iQOO,6.58,8.0,50.0,5000,4,64,2.0,11999
Motorola Moto G62 5G,Motorola,6.55,16.0,50.0,5000,6,128,2.2,21999
OnePlus 10R 5G (12GB RAM + 256GB),OnePlus,6.7,16.0,50.0,5000,12,256,2.85,34780
Motorola Moto G82 5G,Motorola,6.6,16.0,50.0,5000,6,128,2.2,13999
OnePlus Nord CE 2 5G (8GB RAM + 128GB),OnePlus,6.43,16.0,64.0,4500,8,128,2.4,16999
OPPO Reno 8 Pro 5G,OPPO,6.7,32.0,50.0,4500,12,256,2.85,31590
Xiaomi 11T Pro 5G (12GB RAM + 256GB),Xiaomi,6.67,16.0,108.0,5000,12,256,2.84,26999
Vivo V23 5G (12GB RAM + 256GB),Vivo,6.44,50.0,64.0,4200,12,256,2.5,25999
Vivo V23 5G,Vivo,6.44,50.0,64.0,4200,8,128,2.5,23994
Samsung Galaxy A52s 5G,Samsung,6.5,32.0,64.0,4500,6,128,2.4,24494
OnePlus Nord CE 5G (12GB RAM + 256GB),OnePlus,6.43,16.0,64.0,4500,12,256,2.2,21999
iQOO Z3 5G (8GB RAM + 128GB),iQOO,6.58,16.0,64.0,4400,8,128,2.8,15990
Vivo V21 5G (8GB RAM + 256GB),Vivo,6.44,44.0,64.0,4000,8,256,2.4,19994
Apple iPhone 13 Mini,Apple,5.4,12.0,12.0,2438,4,128,3.22,49900
Xiaomi Mi 11X 5G (8GB RAM + 128GB),Xiaomi,6.67,20.0,48.0,4520,8,128,3.2,19499
OPPO Reno 6 Pro 5G,OPPO,6.55,32.0,64.0,4500,12,256,3.0,27994
OnePlus 9R (12GB RAM + 256GB),OnePlus,6.55,16.0,48.0,4500,12,256,3.2,27999
OnePlus 9 Pro (12GB RAM + 256GB),OnePlus,6.7,16.0,48.0,4500,12,256,2.84,34990
Realme GT 5G,Realme,6.43,16.0,64.0,4500,8,128,2.84,18999
Xiaomi Mi 10i (8GB RAM + 128GB),Xiaomi,6.67,16.0,108.0,4820,8,128,2.2,17990
Vivo X60 Pro,Vivo,6.56,32.0,48.0,4200,12,256,3.2,36994
OPPO Reno 5 Pro 5G,OPPO,6.53,32.0,64.0,4350,8,128,2.6,23999
OnePlus Nord 5G,OnePlus,6.44,32.0,48.0,4115,6,64,2.4,22689
OnePlus 8T,OnePlus,6.55,16.0,48.0,4500,8,128,2.84,22719
OnePlus 8 (8GB RAM + 128GB),OnePlus,6.55,16.0,48.0,4300,8,128,2.84,24000
OnePlus 8 Pro (12GB RAM + 256GB),OnePlus,6.78,16.0,48.0,4510,12,256,2.84,37999
Google Pixel 8 Pro (12GB RAM + 512GB),Google,6.7,10.5,50.0,5050,12,512,3.0,94990
OnePlus 12R Genshin Impact Edition,OnePlus,6.78,16.0,50.0,5500,16,256,3.2,49999
Samsung Galaxy S23 FE 5G (Snapdragon),Samsung,6.4,10.0,50.0,4500,8,128,3.0,56500
Realme 11x 5G (8GB RAM + 128GB),Realme,6.72,8.0,64.0,5000,8,128,2.2,15999
Lava Blaze 5G (8GB RAM + 128GB),Lava,6.5,8.0,50.0,5000,8,128,2.2,9798
Realme Narzo 60 5G (8GB RAM +256GB),Realme,6.43,16.0,64.0,5000,8,256,2.2,17670
iQOO Neo 7 Pro (12GB RAM + 256GB),iQOO,6.78,16.0,50.0,5000,12,256,3.2,32999
Tecno Camon 20 Pro 5G (8GB RAM + 256GB),Tecno,6.67,32.0,64.0,5000,8,256,3.0,19999
Infinix Note 30 5G,Infinix,6.78,16.0,108.0,5000,4,128,2.4,14999
Infinix Zero 30 5G,Infinix,6.78,50.0,108.0,5000,8,256,2.6,20990
Google Pixel 7 5G (8GB RAM + 256GB),Google,6.3,10.8,50.0,4355,8,256,2.85,59990
Vivo V27 Pro (8GB RAM + 256GB),Vivo,6.78,50.0,50.0,4600,8,256,3.1,29999
iQOO Neo 7 (12GB RAM + 256GB),iQOO,6.78,16.0,64.0,5000,12,256,3.1,27999
Motorola Moto X30 Pro (12GB RAM + 256GB),Motorola,6.67,60.0,200.0,4450,12,256,3.2,78999
Google Pixel 6 Pro (12GB RAM + 256GB),Google,6.71,11.1,50.0,5003,12,256,2.8,53950
Apple iPhone 14 Pro (256GB),Apple,6.1,12.0,48.0,3200,6,256,3.46,118994
Infinix Zero Ultra,Infinix,6.8,32.0,200.0,4500,8,256,2.5,36999
Xiaomi 13 Pro 5G,Xiaomi,6.73,32.0,50.0,4820,12,256,3.2,74990
iQOO Neo 6 5G (12GB RAM + 256GB),iQOO,6.62,16.0,64.0,4700,12,256,3.2,28999
OnePlus Nord 2T (12GB RAM + 256GB),OnePlus,6.43,32.0,50.0,4500,12,256,3.0,32999
iQOO 11 5G,iQOO,6.78,16.0,50.0,5000,8,256,3.2,42999
iQOO Z6 Pro 5G (8GB RAM + 128GB),iQOO,6.44,16.0,64.0,4700,8,128,2.4,20999
Xiaomi 12 Pro 5G (12GB RAM + 256GB),Xiaomi,6.73,32.0,50.0,4600,12,256,3.0,37999
Samsung Galaxy M53 5G (8GB RAM + 128GB),Samsung,6.7,32.0,108.0,5000,8,128,2.4,24000
OnePlus Ace 5G,OnePlus,6.7,16.0,50.0,4500,8,128,2.85,28990
Xiaomi Redmi Note 11 Pro Plus 5G (8GB RAM + 256GB),Xiaomi,6.67,16.0,108.0,5000,8,256,2.2,17990
iQOO 9 SE 5G (12GB RAM + 256GB),iQOO,6.62,16.0,48.0,4500,12,256,2.84,33899
Poco M4 Pro 5G (8GB RAM + 128GB),Poco,6.6,16.0,50.0,5000,8,128,2.4,14999
Samsung Galaxy S22 Ultra 5G (12GB RAM + 1TB),Samsung,6.8,40.0,108.0,5000,12,1024,3.0,125999
Vivo T1 5G (6GB RAM + 128GB),Vivo,6.58,16.0,50.0,5000,6,128,2.2,16990
OnePlus Nord CE 2 Lite 5G (8GB RAM + 128GB),OnePlus,6.59,16.0,64.0,5000,8,128,2.2,17990
iQOO Z7 5G,iQOO,6.38,16.0,64.0,4500,6,128,2.5,16900
Samsung Galaxy S21 FE 5G (8GB RAM + 256GB),Samsung,6.4,32.0,12.0,4500,8,256,2.9,35999
OPPO A96 5G,OPPO,6.43,16.0,48.0,4500,8,256,2.2,22990
Realme 9 Pro Plus 5G,Realme,6.4,16.0,50.0,4500,6,128,2.5,16899
Vivo T1 5G,Vivo,6.58,16.0,50.0,5000,4,128,2.2,15990
Xiaomi Mi 11 Lite NE 5G (8GB RAM + 128GB),Xiaomi,6.55,20.0,64.0,4250,8,128,2.4,21460
OPPO Reno 6 Pro 5G Diwali Edition,OPPO,6.55,32.0,64.0,4500,12,256,3.0,45990
iQOO Z5 5G (12GB RAM + 256GB),iQOO,6.67,16.0,64.0,5000,12,256,2.4,22990
Samsung Galaxy A52s 5G (8GB RAM + 128GB),Samsung,6.5,32.0,64.0,4500,8,128,2.4,27994
iQOO Z5 5G,iQOO,6.67,16.0,64.0,5000,8,128,2.4,18990
Motorola Edge 20 Fusion 5G,Motorola,6.67,32.0,108.0,5000,6,128,2.4,17490
Realme 8s 5G,Realme,6.5,16.0,64.0,5000,6,128,2.4,15499
OnePlus Nord 2 5G (12GB RAM + 256GB),OnePlus,6.43,32.0,50.0,4500,12,256,3.0,26990
OPPO A93s 5G,OPPO,6.5,8.0,48.0,5000,8,256,2.2,21990
Vivo V21e 5G,Vivo,6.44,32.0,64.0,4000,8,128,2.2,20990
Vivo Y75 5G,Vivo,6.58,16.0,50.0,5000,8,128,2.2,17990
OnePlus Nord CE 5G,OnePlus,6.43,16.0,64.0,4500,6,128,2.2,22989
OPPO A54 5G,OPPO,6.5,16.0,48.0,5000,4,64,2.0,18990
OnePlus 9T,OnePlus,6.55,16.0,108.0,4500,8,128,2.84,44999
Google Pixel 6,Google,6.4,8.0,50.0,4614,8,128,2.8,27999
Realme Narzo 30 5G,Realme,6.5,16.0,48.0,5000,6,128,2.2,10999
Xiaomi Mi 11 Ultra,Xiaomi,6.81,20.0,50.0,5000,12,256,2.84,69999
Samsung Galaxy A32 5G,Samsung,6.5,13.0,48.0,5000,6,128,2.0,24499
Samsung Galaxy S21 Ultra 5G (16GB RAM + 512GB),Samsung,6.8,40.0,108.0,5000,16,512,2.9,111999
Apple iPhone 13 Pro Max,Apple,6.7,12.0,12.0,4352,6,128,3.22,99900
Samsung Galaxy A22 5G,Samsung,6.6,8.0,48.0,5000,6,128,2.2,13499
Vivo X60,Vivo,6.56,32.0,48.0,4300,8,128,3.2,30990
Xiaomi Redmi K40 Pro,Xiaomi,6.67,20.0,64.0,4520,6,128,2.84,32999
Xiaomi Mi 10T Pro 5G,Xiaomi,6.67,20.0,108.0,5000,8,128,2.84,22990
Google Pixel 4a 5G,Google,6.2,8.0,16.0,3885,6,128,2.4,21999
OPPO Reno 4 Z 5G,OPPO,6.57,16.0,48.0,4000,8,128,2.0,32999
OnePlus Nord (8GB RAM + 128GB),OnePlus,6.44,32.0,48.0,4115,8,128,2.4,24790
Samsung Galaxy A42,Samsung,6.6,20.0,48.0,5000,4,128,2.2,23990
Vivo X30 Pro,Vivo,6.44,32.0,64.0,4350,8,128,2.2,39990
Google Pixel 6 5G (8GB RAM + 256GB),Google,6.4,8.0,50.0,4614,8,256,2.8,30990
Lava Yuva 5G (4GB RAM + 128GB),Lava,6.53,8.0,50.0,5000,4,128,2.0,8834
Realme Narzo 60 Pro (12GB RAM + 256GB),Realme,6.7,16.0,100.0,5000,12,256,2.6,26499
iQOO Z7s 5G,iQOO,6.38,16.0,64.0,4500,6,128,2.2,19664
Tecno Spark 10 5G (8GB RAM + 256GB),Tecno,6.56,8.0,50.0,5000,8,256,2.2,12749
Google Pixel 6 Pro (12GB RAM + 512GB),Google,6.71,11.1,50.0,5003,12,512,2.8,65000
iQOO Z7 5G (8GB RAM + 128GB),iQOO,6.38,16.0,64.0,4500,8,128,2.5,17990
iQOO 11 (12GB RAM + 256GB),iQOO,6.78,16.0,50.0,5000,12,256,3.2,53990
Infinix Zero 5G 2023 Turbo,Infinix,6.78,16.0,50.0,5000,8,256,2.6,19999
Xiaomi Redmi Note 12 Pro Speed Edition,Xiaomi,6.67,16.0,108.0,5000,6,128,2.4,19999
Realme 10s,Realme,6.6,8.0,50.0,5000,8,128,2.4,12999
iQOO Neo 7 Racing Edition,iQOO,6.78,16.0,50.0,5000,8,256,3.2,32990
Xiaomi Redmi K60E,Xiaomi,6.67,20.0,48.0,5500,8,128,3.1,25999
OnePlus Ace 2,OnePlus,6.74,16.0,50.0,5000,12,256,3.2,34999
Vivo V21s,Vivo,6.44,44.0,64.0,4000,8,128,2.4,29999
Xiaomi Redmi K60 Pro,Xiaomi,6.67,16.0,54.0,5000,8,128,3.2,38999
Honor 80 Pro,Honor,6.78,50.0,160.0,4800,8,256,3.2,43990
Infinix Zero 5G 2023,Infinix,6.78,16.0,50.0,5000,8,128,2.5,15490
OPPO A98,OPPO,6.72,32.0,64.0,5000,8,256,2.2,24990
Xiaomi Redmi Note 12 Discovery Edition,Xiaomi,6.67,16.0,200.0,4300,8,256,2.6,26990
Vivo S16,Vivo,6.78,50.0,64.0,4600,8,128,3.2,29990
OPPO Reno 8 House of Dragon Edition,OPPO,6.43,32.0,50.0,4500,8,128,3.0,32990
Motorola ThinkPhone,Motorola,6.6,32.0,50.0,5000,8,256,3.2,35999
Xiaomi Civi 3,Xiaomi,6.55,32.0,50.0,4500,12,256,3.1,28990
Lava Blaze 5G,Lava,6.5,8.0,50.0,5000,4,128,2.2,8998
Xiaomi Redmi K60,Xiaomi,6.67,16.0,64.0,5500,8,128,3.2,29990
Asus ROG Phone 6 Batman Edition,Asus,6.78,12.0,50.0,6000,16,256,3.2,72999
OnePlus 10R Prime Edition,OnePlus,6.7,16.0,50.0,5000,8,128,2.85,26399
Xiaomi Civi 2,Xiaomi,6.55,32.0,50.0,4500,8,128,2.4,29999
Honor X40,Honor,6.67,8.0,50.0,5100,6,128,2.2,23990
Apple iPhone 14 Pro (512GB),Apple,6.1,12.0,48.0,3200,6,512,3.46,135990
Apple iPhone 14 Pro (1TB),Apple,6.1,12.0,48.0,3200,6,1024,3.46,144990
Apple iPhone 14 Pro Max (1TB),Apple,6.7,12.0,48.0,4323,6,1024,3.46,152990
Nokia X30 5G,Nokia,6.43,16.0,50.0,4200,8,256,2.2,48999
Nokia G60 5G,Nokia,6.58,8.0,50.0,4500,6,128,2.2,29499
iQOO Z6 (China),iQOO,6.64,8.0,64.0,4500,8,128,2.5,19990
iQOO Z6 Pro SE,iQOO,6.44,8.0,50.0,5000,6,128,2.2,19990
Samsung Galaxy Buddy 2,Samsung,6.6,8.0,50.0,5000,4,128,2.2,23990
Motorola Moto G62 (8GB RAM + 128GB),Motorola,6.55,16.0,50.0,5000,8,128,2.2,16999
Motorola Moto Edge 30 Neo,Motorola,6.28,32.0,64.0,4020,8,128,2.2,31990
Xiaomi Redmi K50 Extreme Edition,Xiaomi,6.67,20.0,108.0,5000,8,128,3.2,35990
Motorola Moto S30 Pro,Motorola,6.55,32.0,50.0,4400,8,128,2.9,23990
iQOO 9T (12GB RAM + 256GB),iQOO,6.78,16.0,50.0,4700,12,256,3.2,41999
OnePlus 10T (16GB RAM + 256GB),OnePlus,6.7,16.0,50.0,4800,16,256,3.2,45990
OnePlus Ace Pro,OnePlus,6.7,16.0,50.0,4800,12,256,3.2,47990
Honor X8 5G,Honor,6.5,8.0,48.0,5000,6,128,2.2,14990
Xiaomi 13 Lite,Xiaomi,6.55,32.0,50.0,4500,8,128,2.4,42990
Asus ZenFone 9,Asus,5.9,12.0,50.0,4300,8,128,3.2,63990
Xiaomi 12 Pro Dimensity Edition,Xiaomi,6.73,32.0,50.0,5160,8,128,3.2,46999
Realme GT Neo 3 Thor Limited Edition,Realme,6.7,16.0,50.0,5000,12,256,2.85,21999
Asus ROG Phone 7,Asus,6.78,32.0,50.0,6000,16,512,3.2,74999
OnePlus Nord N300,OnePlus,6.56,16.0,48.0,5000,4,64,2.4,18990
iQOO 10 Legend BMW Edition,iQOO,6.78,16.0,50.0,4800,12,256,3.2,49990
Realme GT 2 Master Discovery Edition,Realme,6.7,32.0,50.0,5000,8,128,3.2,36990
Poco X4 GT 5G (8GB RAM + 256GB),Poco,6.6,16.0,64.0,5080,8,256,2.85,28990
OPPO Reno 9 Pro Plus,OPPO,6.7,32.0,50.0,4700,16,256,3.2,45999
iQOO 9T 5G,iQOO,6.78,16.0,50.0,4700,8,128,3.2,36999
Realme Q5x,Realme,6.5,5.0,13.0,5000,4,64,2.2,11990
Tecno Camon 19 Pro 5G,Tecno,6.8,16.0,64.0,5000,8,128,2.4,15999
OPPO Reno 7A,OPPO,6.4,16.0,48.0,4500,6,128,2.2,25990
Xiaomi 13 5G,Xiaomi,6.36,32.0,50.0,4500,8,128,3.2,59990
Motorola Moto Edge 5G 2022,Motorola,6.6,32.0,50.0,5000,8,256,2.5,39990
Honor 70 5G (8GB RAM + 256GB),Honor,6.67,32.0,54.0,4800,8,256,2.5,30990
Realme GT 2 Pro Master Edition,Realme,6.7,32.0,50.0,5000,8,128,3.2,54999
Vivo V27e 5G,Vivo,6.5,32.0,64.0,5000,8,128,2.2,24999
iQOO Z5 5G 2022,iQOO,6.58,16.0,50.0,6000,6,128,3.0,24990
Motorola Moto G52j 5G,Motorola,6.8,13.0,50.0,5000,6,128,2.2,23990
Realme X8 Pro 5G,Realme,6.55,32.0,64.0,5000,6,128,3.0,29990
Xiaomi Redmi Note 11T Pro Plus 5G,Xiaomi,6.6,16.0,64.0,4400,8,128,2.85,22990
OnePlus Nord 2 Lite 5G,OnePlus,6.59,16.0,64.0,5000,8,128,2.2,22999
OPPO K11 Pro 5G,OPPO,6.62,16.0,50.0,5000,8,128,2.84,29990
Asus 10Z 5G,Asus,6.52,12.0,50.0,4200,8,128,3.2,49990
Poco X4 GT 5G,Poco,6.6,16.0,64.0,5080,8,128,2.85,24990
OnePlus Ace Racing Edition 5G,OnePlus,6.59,16.0,64.0,5000,8,128,2.85,22990
iQOO 11 Pro 5G,iQOO,6.78,16.0,50.0,4700,8,256,3.2,58990
Realme GT Neo 4 5G,Realme,6.7,16.0,50.0,5000,8,128,3.2,36999
OPPO Reno8 Lite 5G,OPPO,6.43,16.0,64.0,4500,8,128,2.2,21990
OnePlus 10R 5G (150W),OnePlus,6.7,16.0,50.0,4500,12,256,2.85,39999
iQOO Z6 Pro 5G (12GB RAM + 256GB),iQOO,6.44,16.0,64.0,4700,12,256,2.4,23990
Huawei Nova 9 SE 5G,Huawei,6.78,16.0,108.0,4000,8,128,2.2,29990
Xiaomi Civi 1S 5G,Xiaomi,6.55,32.0,64.0,4500,8,128,2.5,26990
Honor 70 5G,Honor,6.67,32.0,54.0,4800,12,512,2.5,39990
OPPO A57 5G,OPPO,6.56,8.0,13.0,5000,6,128,2.4,17990
Vivo S15 Pro 5G,Vivo,6.56,32.0,50.0,4500,8,256,2.85,38990
Realme 10 5G,Realme,6.6,8.0,50.0,5000,8,128,2.2,14499
Realme V23 5G,Realme,6.58,8.0,48.0,5000,8,256,2.4,19990
Poco X4 Pro 5G (8GB RAM + 128GB),Poco,6.67,16.0,64.0,5000,8,128,2.2,17999
Vivo X Note 5G,Vivo,7.0,16.0,50.0,5000,8,256,3.0,69990
Honor Magic4 Ultimate 5G,Honor,6.81,12.0,50.0,4600,12,512,3.0,94990
Samsung Galaxy M23 5G,Samsung,6.6,8.0,50.0,5000,4,128,2.2,21999
iQOO 9 Pro 5G (12GB RAM + 256GB),iQOO,6.78,16.0,50.0,4700,12,256,3.0,39990
OnePlus 10 Pro 5G (12GB RAM + 512GB),OnePlus,6.7,32.0,50.0,5000,12,512,3.0,74999
Xiaomi Redmi K50 Gaming Edition,Xiaomi,6.67,20.0,64.0,4700,8,128,3.0,39990
iQOO 9 SE 5G,iQOO,6.62,16.0,48.0,4500,8,128,2.84,30990
Xiaomi Redmi Note 11E Pro 5G,Xiaomi,6.67,16.0,108.0,5000,6,128,2.2,19990
Vivo T1 5G (8GB RAM + 128GB),Vivo,6.58,16.0,50.0,5000,8,128,2.2,19990
Vivo Y33s 5G (8GB RAM + 128GB),Vivo,6.51,8.0,13.0,5000,8,128,2.2,17990
OPPO Reno7 Pro 5G (12GB RAM + 512 GB),OPPO,6.55,32.0,50.0,4500,12,512,3.0,44990
iQOO Z6 5G,iQOO,6.58,16.0,50.0,5000,4,128,2.2,14499
Realme 9 Pro 5G (8GB RAM + 128GB),Realme,6.6,16.0,64.0,5000,8,128,2.2,18990
OnePlus 10 Pro 5G (8GB RAM + 256GB),OnePlus,6.7,32.0,50.0,5000,8,256,3.0,69999
Realme GT Neo 2 Dragon Ball Z Special Edition,Realme,6.62,16.0,64.0,5000,8,128,3.2,34999
Xiaomi 11i HyperCharge 5G (8GB RAM + 128GB),Xiaomi,6.67,16.0,108.0,4500,8,128,2.5,21990
Xiaomi 11i 5G (8GB RAM + 128GB),Xiaomi,6.67,16.0,108.0,5160,8,128,2.5,19949
Asus ROG Phone 6 Pro 5G,Asus,6.78,12.0,50.0,6000,18,512,3.2,89999
OPPO Find X5 Lite 5G,OPPO,6.43,32.0,64.0,4500,8,256,2.0,49990
Motorola Edge 30 Pro 5G,Motorola,6.7,60.0,50.0,4800,8,128,3.0,29999
Xiaomi 12 Lite 5G,Xiaomi,6.55,32.0,108.0,4300,6,128,2.4,29990
Vivo S12 5G,Vivo,6.44,44.0,108.0,4200,8,256,2.6,32990
Vivo Y74s 5G,Vivo,6.58,8.0,50.0,4100,8,256,2.4,26999
Tecno Pova 5G,Tecno,6.9,16.0,50.0,6000,8,128,2.4,15999
Xiaomi 12X 5G,Xiaomi,6.28,32.0,50.0,4500,8,128,3.2,36990
Xiaomi 12 Mini,Xiaomi,6.28,32.0,100.0,4700,8,128,3.2,41990
Motorola Moto G71 5G,Motorola,6.4,16.0,50.0,5000,6,128,2.2,14990
Lava Agni 5G,Lava,6.78,16.0,64.0,5000,8,128,2.4,13592
OPPO Find X4 Pro 5G,OPPO,6.7,32.0,50.0,4500,8,256,3.0,78990
Honor X30 Max,Honor,7.09,8.0,64.0,5000,8,128,2.4,27990
iQOO Neo 5s 5G,iQOO,6.62,16.0,48.0,4500,8,128,2.84,31990
iQOO 9 Pro 5G,iQOO,6.78,16.0,50.0,4700,8,256,3.0,64990
Poco M4 Pro 5G (6GB RAM + 128GB),Poco,6.6,16.0,50.0,5000,6,128,2.4,12999
Realme GT Neo2 5G (12GB RAM + 256GB),Realme,6.62,16.0,64.0,5000,12,256,3.2,26999
Nokia G300 5G,Nokia,6.52,8.0,16.0,4470,4,64,2.0,13999
Vivo X70 Pro 5G (8GB RAM + 256GB),Vivo,6.56,32.0,50.0,4450,8,256,3.0,49990
iQOO Z5 5G (8GB RAM + 256GB),iQOO,6.67,16.0,64.0,5000,8,256,2.4,24990
Apple iPhone 13 Pro (1TB),Apple,6.1,12.0,12.0,3095,6,1024,3.22,144999
Apple iPhone 13 Pro Max (256GB),Apple,6.7,12.0,12.0,4352,6,256,3.22,111990
Apple iPhone 13 Mini (256GB),Apple,5.4,12.0,12.0,2438,4,256,3.22,59990
OPPO Reno6 Pro 5G (Snapdragon),OPPO,6.55,32.0,50.0,4500,12,256,3.2,67999
Apple iPhone 13 Pro Max (512GB),Apple,6.7,12.0,12.0,4352,6,512,3.22,119900
Apple iPhone 13 Pro (256GB),Apple,6.1,12.0,12.0,3095,6,256,3.22,103990
Apple iPhone 13 Pro (512GB),Apple,6.1,12.0,12.0,3095,6,512,3.22,125900
Apple iPhone 13 Mini (512GB),Apple,5.4,12.0,12.0,2438,4,512,3.22,89999
iQOO Z5 Pro 5G,iQOO,6.57,16.0,64.0,4500,8,128,3.2,29990
Samsung Galaxy A13 5G,Samsung,6.5,5.0,50.0,5000,4,64,2.2,17990
Honor X20 Max 5G,Honor,7.2,16.0,64.0,6000,8,128,2.6,27999
Realme Note 9 5G,Realme,6.5,16.0,48.0,5000,6,64,2.2,17999
Motorola Moto G50 5G,Motorola,6.5,13.0,48.0,5000,4,128,2.2,16990
Realme Narzo 50 5G,Realme,6.6,16.0,48.0,5000,6,128,2.4,14990
Realme GT Master Edition 5G (8GB RAM + 256GB),Realme,6.43,32.0,64.0,4300,8,256,2.4,25999
OnePlus 9RT 5G,OnePlus,6.62,16.0,50.0,4500,8,128,2.84,34999
Honor Magic 3 Pro Plus 5G,Honor,6.76,13.0,50.0,4600,12,512,2.9,89990
